2533032,4.561,4.123,7.769,0.067,-1.588,-0.174,3.256,-4.354,6.747,-0.398,1.232,-0.237,1346,-635,15294,1955,1895,1,1838,1899,1
2533142,4.235,3.826,5.677,0.476,-1.025,-1.092,3.295,-4.354,6.747,-0.009,0.013,0.016,1864,-1029,16477,1963,1877,1,1807,1910,1
2533252,3.053,8.068,2.461,0.302,-1.253,-1.347,3.295,-4.354,6.747,-0.011,0.004,-0.034,2015,-788,16591,1968,1887,1,1840,1907,1
2533362,2.377,10.621,0.728,0.110,-0.853,-0.469,3.256,-4.354,6.747,-0.020,-0.062,-0.016,1321,-1092,16315,1956,1899,1,1847,1908,1
2533482,3.958,9.187,-4.010,-0.440,-0.228,0.183,3.295,-4.354,6.747,0.020,0.029,-0.007,1679,-934,16457,1964,1898,1,1841,1911,1
2533592,2.634,9.792,0.460,0.054,0.253,-0.444,3.295,-4.354,6.747,-0.001,-0.014,0.001,1774,-1011,16426,1978,1899,1,1837,1919,1
2533702,2.576,8.983,-1.300,2.612,1.184,1.681,3.256,-4.354,6.786,0.007,0.005,-0.002,1714,-1059,16443,1967,1881,1,1802,1914,1
2533812,7.925,5.179,-2.744,1.592,0.777,1.300,3.256,-4.354,6.747,0.000,-0.010,-0.007,1865,-1042,16463,1968,1899,1,1841,1917,1
2533922,7.266,5.042,-2.121,-0.266,0.425,1.069,3.295,-4.354,6.747,0.004,-0.006,-0.006,1940,-1050,16486,1965,1895,1,1837,1904,1
2534032,6.847,4.604,-3.606,1.755,0.090,0.144,3.295,-4.354,6.747,0.002,-0.004,-0.002,1896,-1078,16435,1966,1890,1,1841,1915,1
2534142,6.970,3.110,-6.922,1.193,-0.445,1.006,3.256,-4.354,6.747,-0.000,-0.019,-0.010,1879,-1006,16420,1969,1895,1,1839,1913,1
2534252,7.077,1.992,-7.140,1.664,0.412,1.464,3.295,-4.315,6.747,-0.004,-0.015,-0.008,1843,-1042,16462,1956,1895,1,1838,1909,1
2534362,8.715,-1.539,-5.308,0.197,0.876,0.777,3.295,-4.354,6.747,0.006,-0.006,0.004,1836,-1038,16417,1968,1894,1,1837,1905,1
2534472,8.224,-1.094,-5.567,0.604,-0.485,-0.440,3.256,-4.393,6.747,0.001,0.012,-0.003,1924,-1107,16449,1963,1894,1,1840,1906,1
2534582,8.191,-0.419,-5.126,-0.612,0.167,-0.280,3.256,-4.354,6.747,-0.001,0.020,-0.005,1946,-1094,16478,1962,1895,1,1845,1905,1
2534702,7.137,-0.673,-5.145,-0.454,-2.051,-2.133,3.256,-4.354,6.747,-0.004,-0.006,-0.005,1949,-1161,16463,1957,1895,1,1837,1914,1
2534822,7.319,0.043,-8.681,1.581,-1.403,-0.137,3.295,-4.354,6.786,-0.001,0.000,-0.002,1959,-1039,16483,1959,1925,1,1850,1910,1
2534932,6.934,-1.628,-7.309,0.278,0.913,-0.426,3.256,-4.354,6.747,0.009,-0.006,-0.002,1942,-1058,16418,1968,1892,1,1837,1910,1
2535042,12.802,-4.341,-6.960,-0.571,2.355,-0.566,3.295,-4.354,6.747,0.011,0.006,0.001,1754,-1165,16506,1960,1889,1,1840,1908,1
2535152,6.709,-2.172,-6.402,4.366,-0.935,0.555,3.256,-4.354,6.747,0.002,0.012,-0.005,1918,-1076,16455,1962,1888,1,1839,1905,1
2535262,10.008,-4.980,-6.141,2.810,-0.802,1.506,3.295,-4.354,6.747,-0.069,-0.108,-0.028,2853,-1648,16343,1968,1891,1,1842,1908,1
2535382,6.213,-7.618,-2.725,2.311,-0.659,-0.373,3.256,-4.354,6.747,-0.002,-0.009,-0.009,2159,-1209,16444,1958,1890,1,1849,1905,1
2535502,4.561,-10.944,2.126,1.965,-0.157,-0.683,3.295,-4.354,6.786,0.007,0.005,0.001,2052,-1223,16410,1959,1886,1,1840,1885,1
2535612,5.631,-8.622,1.932,0.342,-0.912,0.770,3.256,-4.354,6.747,0.005,-0.000,-0.001,2073,-1177,16413,1963,1901,1,1840,1909,1
2535722,5.983,-8.971,1.872,0.829,-0.950,-0.230,3.256,-4.354,6.747,0.008,-0.002,-0.002,2119,-1184,16408,1965,1895,1,1842,1904,1
2535832,5.770,-10.295,3.469,-0.517,-0.414,-0.012,3.256,-4.354,6.747,0.001,-0.001,-0.009,2082,-1213,16392,1954,1893,1,1847,1894,1
2535952,8.940,-7.822,4.702,-0.123,-0.228,-0.441,3.295,-4.354,6.747,-0.011,0.002,-0.020,2153,-1190,16398,1965,1878,1,1840,1908,1
2536072,5.241,-9.740,1.202,1.042,-0.213,1.416,3.256,-4.354,6.747,-0.007,0.012,-0.016,2154,-1212,16374,1975,1890,1,1840,1904,1
2536182,5.720,-9.117,1.990,0.043,0.257,-0.748,3.256,-4.354,6.747,-0.005,-0.010,-0.017,2066,-1294,16289,1961,1890,1,1835,1914,1
2536292,4.566,-8.492,0.000,0.278,0.791,-1.113,3.295,-4.354,6.747,-0.007,0.026,-0.128,-168,-822,16534,1956,1898,1,1842,1916,1
2536402,7.453,-6.797,1.765,-0.720,-0.380,-0.549,3.295,-4.354,6.747,0.585,0.152,0.418,-2520,-3766,16170,1953,1900,1,1840,1906,1
2536512,7.400,-6.381,1.482,-1.273,-0.339,-0.755,3.295,-4.354,6.786,-0.060,0.309,0.010,1408,-1439,16300,1960,1895,1,1846,1905,1
2536622,7.683,-6.761,0.601,-0.498,0.231,-0.376,3.295,-4.393,6.747,0.653,-1.370,0.078,657,-1948,16264,1964,1899,1,1840,1907,1
2536732,7.731,-6.780,0.575,0.185,0.528,-0.395,3.295,-4.354,6.786,1.774,-2.613,0.849,6763,-1453,19955,1954,1897,1,1840,1905,1
2536842,7.642,-6.689,0.788,0.114,-0.377,0.036,3.256,-4.354,6.747,1.364,-2.221,-0.363,8101,1614,16619,1962,1898,1,1843,1912,1
2536952,7.944,-6.321,0.984,-0.207,-0.421,0.211,3.256,-4.354,6.747,0.015,-1.429,-0.411,8836,6047,7997,1968,1889,1,1843,1926,1
2537062,7.520,-7.001,0.448,-0.272,-0.326,0.366,3.256,-4.354,6.747,-1.248,1.779,-1.304,11140,3448,10025,1966,1888,1,1838,1904,1
2537172,7.151,-7.673,-0.565,-0.162,-0.453,0.458,3.295,-4.354,6.747,-1.280,1.855,-0.277,7263,5964,16645,1965,1891,1,1840,1910,1
2537282,7.254,-7.693,0.271,0.149,-0.351,0.323,3.295,-4.354,6.786,0.433,-0.861,1.291,5422,-3004,21941,1959,1892,1,1847,1896,1
2537392,6.330,-8.066,0.196,0.339,-0.760,0.251,3.256,-4.393,6.786,-0.475,-0.058,-0.374,8114,3888,18018,1961,1895,1,1846,1919,1
2537502,5.744,-8.384,-0.955,0.483,-0.776,0.602,3.295,-4.354,6.786,-1.018,-1.926,1.322,7830,280,17096,1962,1891,1,1843,1908,1
2537612,5.626,-8.710,0.105,0.860,-0.505,0.719,3.295,-4.354,6.708,-0.104,-3.423,-0.235,9205,-3960,6666,1965,1894,1,1839,1907,1
2537722,5.507,-9.380,-0.057,0.978,-0.637,0.818,3.295,-4.393,6.747,-1.860,-0.129,-2.425,16980,328,2361,1958,1903,1,1835,1927,1
2537832,4.494,-9.340,1.595,0.869,-0.738,0.575,3.295,-4.354,6.747,0.473,-0.403,-0.761,15440,-6320,9670,1991,1889,1,1841,1914,1
2537942,4.053,-9.953,3.115,0.315,0.040,-0.256,3.295,-4.393,6.747,-3.428,0.971,2.680,13420,-2135,2747,1965,1891,1,1840,1911,1
2538052,4.726,-8.332,2.198,-0.489,-0.689,-0.382,3.256,-4.354,6.747,0.104,-1.933,0.247,12753,-3918,4226,1959,1895,1,1843,1906,1
2538162,5.052,-8.499,1.709,-0.193,-1.117,-0.383,3.295,-4.354,6.747,-2.332,-2.173,1.408,11692,-8917,3007,1968,1894,1,1835,1910,1
2538282,6.182,-7.796,0.498,-1.022,0.052,-0.618,3.295,-4.354,6.786,-1.394,1.150,0.509,11069,-9295,-148,1967,1883,1,1840,1904,1
2538392,6.416,-8.236,-0.373,-0.526,-0.327,-0.261,3.256,-4.354,6.747,-1.361,0.596,0.192,11937,-10577,-727,1958,1885,1,1845,1907,1
2538512,6.381,-7.973,0.393,-0.014,-0.646,-0.243,3.295,-4.354,6.747,-3.169,-0.013,-0.107,14868,-11471,-1645,1955,1899,1,1837,1905,1
2538632,6.378,-8.404,-0.848,0.068,-0.191,-0.013,3.295,-4.354,6.747,-0.874,-0.573,-0.013,12398,-11578,-2498,1968,1891,1,1840,1904,1
2538752,6.809,-7.714,-1.554,0.093,-0.279,-0.003,3.295,-4.354,6.747,-0.458,-0.377,-0.691,8101,-11878,-7936,1962,1895,1,1843,1904,1
2538872,6.768,-8.258,-0.084,-0.098,0.224,-0.119,3.256,-4.354,6.786,-1.377,0.395,2.024,11673,-9959,-4316,1953,1891,1,1834,1913,1
2538992,6.476,-8.040,-0.522,-0.089,-0.422,-0.013,3.295,-4.354,6.747,-1.097,-0.170,-0.876,9617,-10504,-7585,1963,1893,1,1835,1911,1
2539112,7.204,-7.992,-2.689,-0.321,0.511,-0.012,3.295,-4.393,6.786,-0.381,0.720,-0.180,9365,-12124,-7474,1955,1895,1,1834,1903,1
2539232,6.517,-8.399,-0.785,-0.634,1.085,-0.516,3.295,-4.354,6.708,-0.275,0.312,0.215,12311,-8862,-6924,1959,1893,1,1843,1905,1
2539352,8.279,-6.711,-0.024,-1.442,1.178,-1.300,3.295,-4.354,6.747,-0.607,0.256,0.682,10685,-12527,-6619,1968,1895,1,1836,1911,1
2539472,13.446,-4.580,1.295,-0.739,0.883,-1.439,3.295,-4.315,6.747,-1.128,1.516,-0.282,10838,-12951,-8062,1959,1883,1,1841,1907,1
2539592,12.737,4.987,8.633,0.781,-0.998,2.048,3.295,-4.354,6.747,-1.710,2.365,0.050,13559,-3075,-9820,1962,1879,1,1847,1908,1
2539702,-11.274,-7.702,-3.840,0.030,-3.394,4.366,3.295,-4.354,6.786,-0.265,0.732,-0.183,17400,-5249,108,1962,1901,1,1842,1914,1
2539822,-5.875,-13.372,-3.845,2.920,-0.217,-3.349,3.295,-4.354,6.747,0.467,-1.279,0.073,14476,-7155,-589,1967,1898,1,1840,1907,1
2539942,10.889,-0.038,1.587,-0.889,0.512,-2.172,3.295,-4.393,6.747,0.170,-1.143,0.038,12998,-7615,-10633,1962,1886,1,1850,1905,1
2540062,12.495,-4.719,-1.168,-0.877,-0.014,0.590,3.295,-4.354,6.786,-0.166,0.793,0.725,9890,-6993,-10421,1953,1891,1,1838,1914,1
2540182,9.438,-7.482,-0.187,-1.165,0.095,-0.264,3.295,-4.354,6.747,0.239,0.411,0.249,12152,-10447,-3836,1967,1892,1,1839,1914,1
2540302,7.518,-6.883,-0.321,-0.059,-0.032,0.017,3.334,-4.354,6.786,0.540,0.551,0.411,12031,-10355,-5099,1962,1893,1,1845,1907,1
2540422,7.499,-6.996,-0.218,-0.021,0.317,0.131,3.295,-4.354,6.786,0.315,-1.466,-0.548,11058,-9863,-4539,1961,1890,1,1840,1909,1
2540542,7.484,-7.537,-0.354,-0.492,0.362,0.076,3.334,-4.354,6.786,0.512,-0.773,-0.196,11207,-8723,-6846,1965,1899,1,1839,1911,1
2540662,7.264,-7.221,0.438,0.034,0.095,-0.021,3.295,-4.354,6.747,-0.133,-0.138,0.402,11281,-10083,-5532,1953,1890,1,1840,1910,1
2540782,7.171,-7.487,-0.043,-0.452,0.204,0.150,3.295,-4.354,6.747,-0.206,0.354,-0.011,11332,-10315,-5608,1958,1901,1,1840,1900,1
2540902,7.484,-7.168,-0.010,-0.673,-0.011,0.175,3.295,-4.354,6.747,0.015,0.222,0.354,10533,-9290,-6474,1963,1893,1,1834,1910,1
2541012,7.163,-7.367,-0.290,-0.794,0.473,0.490,3.334,-4.393,6.747,-0.001,-0.074,0.418,11163,-9950,-5753,1962,1893,1,1841,1904,1
2541132,5.133,-8.607,-0.838,-1.647,1.411,2.190,3.256,-4.354,6.747,0.022,-0.170,0.917,9046,-11204,-5802,1967,1895,1,1840,1904,1
2541242,2.904,-8.710,-2.071,-1.049,0.459,1.883,3.295,-4.393,6.747,0.092,0.007,0.711,8618,-12382,-6186,1969,1893,1,1840,2035,1
2541352,1.429,-11.114,-1.810,-0.879,0.167,0.799,3.295,-4.354,6.786,0.058,-0.167,0.157,8460,-13183,-5835,1956,1894,1,1840,1911,1
2541472,1.834,-9.206,0.596,0.657,-0.461,0.652,3.295,-4.354,6.747,-0.095,-0.235,0.276,7202,-13026,-6495,1965,1891,1,1840,1908,1
2541582,1.166,-9.656,-1.501,-0.361,0.468,-0.623,3.334,-4.393,6.786,0.136,0.139,0.093,6509,-13051,-5912,1959,1886,1,1840,1890,1
2541692,2.583,-8.830,-1.662,-1.063,0.146,-0.713,3.295,-4.354,6.747,0.035,-0.010,0.043,7850,-13373,-5575,1966,1898,1,1840,1904,1
2541812,2.909,-10.147,-1.499,0.127,0.295,-0.605,3.256,-4.354,6.747,-0.226,-0.261,0.000,6660,-13733,-5845,1968,1896,1,1835,1907,1
2541932,4.276,-11.842,-1.338,0.058,0.413,-2.834,3.295,-4.354,6.786,-0.510,-0.132,-1.327,6447,-13456,-6778,1966,1890,1,1840,1905,1
2542052,15.139,-6.110,3.812,0.219,-0.263,-2.786,3.295,-4.354,6.747,-0.566,0.120,-1.290,11424,-9968,-6663,1965,1889,1,1840,1905,1
2542172,3.802,6.081,3.517,-0.217,-3.267,4.043,3.295,-4.354,6.786,-0.408,-0.553,-1.417,13138,-6708,-6231,1949,1902,1,1840,1908,1
2542292,-20.308,-24.052,-11.485,1.259,-0.590,-0.312,3.295,-4.354,6.747,0.629,-0.198,-1.156,10245,-8668,-5964,1947,1886,1,1843,1913,1
2542412,3.998,-4.204,-3.318,1.867,-1.463,-2.117,3.295,-4.354,6.747,0.149,-0.211,0.536,12651,-3403,-9801,1968,1894,1,1840,1901,1
2542532,9.172,-7.609,0.943,0.362,-0.682,1.866,3.295,-4.354,6.747,0.134,0.135,0.353,9895,-7614,-11438,1966,1898,1,1817,1910,1
2542642,7.582,-13.728,-0.582,0.798,0.741,0.871,3.295,-4.354,6.786,-0.206,0.622,0.441,10772,-8628,-8632,1961,1890,1,1843,1905,1
2542752,4.594,-11.250,-2.011,-0.900,0.497,-0.440,3.295,-4.354,6.786,-0.151,0.395,0.312,11387,-11106,-7204,1966,1887,1,1840,1915,1
2542872,4.113,-8.454,0.029,0.031,0.022,-0.124,3.295,-4.354,6.747,0.133,0.466,0.203,12129,-9627,-6297,1958,1894,1,1839,1908,1
2542982,4.377,-9.716,0.357,-0.411,0.757,-0.257,3.295,-4.354,6.747,0.154,-0.017,-0.080,12302,-8774,-6534,1972,1890,1,1841,1909,1
2543102,4.436,-8.456,0.510,0.003,0.869,-0.690,3.256,-4.354,6.747,0.278,0.027,-0.218,11755,-9610,-6387,1962,1891,1,1842,1902,1
2543212,5.310,-8.916,0.134,-0.632,0.117,-0.242,3.295,-4.354,6.747,0.215,0.036,-0.237,11588,-9525,-5870,1953,1879,1,1841,1904,1
2543322,5.289,-8.641,0.170,-0.593,0.253,-0.279,3.295,-4.354,6.786,0.241,0.134,-0.016,12108,-9438,-5681,1968,1894,1,1840,1909,1
2543432,5.274,-8.602,-0.096,-0.416,0.312,-0.294,3.334,-4.354,6.786,0.100,-0.029,-0.044,11978,-9483,-5587,1975,1893,1,1847,1919,1
2543552,5.332,-8.899,-0.124,-0.244,0.260,-0.068,3.295,-4.393,6.786,0.019,-0.077,-0.017,12153,-9327,-5688,1957,1893,1,1839,1909,1
2543672,5.363,-8.396,-0.105,-0.332,0.115,-0.051,3.334,-4.393,6.747,0.023,0.056,-0.058,11630,-9129,-5515,1949,1905,1,1850,1911,1
2543792,5.964,-8.756,-0.096,-0.049,0.136,-0.102,3.295,-4.393,6.786,0.081,0.033,0.030,12041,-9433,-5249,1965,1894,1,1836,1904,1
2543902,6.187,-8.574,-0.292,-0.173,0.086,-0.113,3.295,-4.315,6.786,0.055,0.060,0.019,12437,-9446,-5255,1986,1888,1,1842,1904,1
2544012,5.911,-8.100,0.034,-0.158,0.114,-0.082,3.295,-4.354,6.747,0.069,0.054,-0.046,12225,-9235,-5113,1948,1889,1,1838,1920,1
2544122,6.309,-8.035,-0.196,-0.211,0.254,-0.355,3.295,-4.354,6.747,0.035,0.029,-0.070,12366,-9341,-4931,1931,1905,1,1843,1898,1
2544242,6.302,-8.258,-0.211,-0.385,0.218,-0.343,3.295,-4.354,6.786,0.021,0.057,-0.106,12522,-9733,-4925,1970,1894,1,1834,1897,1
2544362,6.591,-8.217,-0.165,-0.584,0.057,-0.161,3.295,-4.354,6.747,0.015,0.106,0.003,12967,-8664,-4543,1963,1894,1,1841,1905,1
2544472,6.701,-7.910,-0.352,-0.219,0.088,-0.408,3.334,-4.354,6.747,0.075,0.036,-0.087,13703,-8598,-4133,1956,1890,1,1844,1906,1
2544592,6.977,-7.772,-0.642,-0.315,-0.001,-0.644,3.295,-4.354,6.747,0.144,-0.028,-0.519,12560,-11857,-5204,1963,1905,1,1830,1872,1
2544712,7.898,-6.579,-0.721,-0.541,0.252,-0.989,3.295,-4.354,6.747,0.504,0.877,-2.476,11124,-11142,-5430,1962,1898,1,1855,1904,1
2544832,8.217,-5.734,-0.038,0.073,0.157,-0.255,3.295,-4.354,6.786,1.495,0.358,-2.790,30978,10197,1388,1964,1892,1,1838,1899,1
2544942,9.057,-5.978,-0.024,0.176,0.030,0.075,3.295,-4.354,6.747,-0.784,0.333,4.872,8651,20358,-4454,1964,1893,1,1867,1907,1
2545052,8.684,-5.488,-1.030,-0.359,0.466,-0.148,3.334,-4.354,6.747,1.022,1.755,7.014,-13602,-4935,-337,1969,1901,1,1840,1914,1
2545162,8.164,-4.973,-0.421,-0.567,0.605,-0.227,3.295,-4.354,6.747,2.671,2.109,-0.077,-18300,-32760,5427,1953,1882,1,1825,1902,1
2545282,8.808,-6.498,1.762,-0.418,0.544,0.298,3.334,-4.354,6.786,-1.751,3.247,-4.260,4797,-6852,5404,1963,1901,1,1836,1917,1
2545392,7.831,-6.280,1.379,-0.030,-0.267,-0.136,3.295,-4.354,6.747,1.633,-0.234,-2.347,20214,-227,13250,1966,1911,1,1844,1913,1
2545512,8.466,-6.081,-0.024,-0.004,-0.287,0.195,3.295,-4.354,6.747,0.524,-0.673,-0.102,16009,-9708,11178,1969,1898,1,1839,1911,1
2545632,8.605,-5.993,0.393,-0.248,0.093,0.019,3.295,-4.354,6.747,-0.352,-0.091,-0.278,13841,-7472,5371,1953,1915,1,1841,1908,1
2545742,8.399,-5.976,0.163,-0.144,-0.150,0.114,3.295,-4.354,6.747,-0.092,-0.270,-0.166,13194,-10002,4633,1965,1890,1,1846,1906,1
2545862,8.351,-6.033,0.314,-0.221,0.044,-0.004,3.295,-4.354,6.747,-0.075,-0.250,-0.077,13397,-9225,3727,1954,1895,1,1841,1901,1
2545982,8.399,-6.191,0.196,-0.189,-0.010,0.041,3.295,-4.354,6.786,0.073,-0.097,-0.032,12812,-9998,3557,1974,1903,1,1840,1901,1
2546092,8.255,-6.057,0.184,-0.207,-0.011,0.084,3.334,-4.393,6.747,0.002,-0.104,-0.033,12843,-9390,3455,1964,1894,1,1840,1909,1
2546202,8.253,-6.127,0.170,-0.195,-0.014,0.017,3.295,-4.393,6.786,-0.053,-0.055,0.068,13190,-9294,3620,1966,1885,1,1856,1904,1
2546312,8.303,-6.318,0.045,-0.155,0.002,-0.016,3.295,-4.393,6.747,-0.035,-0.111,-0.000,13032,-9689,3402,1978,1896,1,1840,1899,1
2546432,8.250,-6.261,-0.012,-0.203,0.057,-0.028,3.334,-4.315,6.747,0.221,-0.058,-0.065,13216,-9433,3299,1968,1893,1,1843,1867,1
2546552,8.294,-6.223,0.134,-0.186,0.011,-0.025,3.295,-4.354,6.747,0.243,-0.003,-0.108,12939,-9577,3552,1959,1903,1,1841,1913,1
2546662,7.975,-6.246,0.364,-0.096,-0.000,0.005,3.256,-4.354,6.786,1.035,-1.136,-0.480,28043,-2129,18028,1959,1904,1,1829,1909,1
2546782,8.442,-6.742,0.105,0.031,-0.190,-0.064,3.373,-4.354,6.747,-0.406,-0.469,5.092,10572,6267,2234,1968,1895,1,1840,1917,1
2546892,8.406,-5.760,-1.034,-0.373,0.112,-0.216,3.334,-4.354,6.747,-0.116,-0.832,5.346,-32760,-16306,-10660,1966,1894,1,1851,1904,1
2547012,8.399,-4.707,0.939,-0.445,0.405,0.330,3.334,-4.354,6.786,-1.377,1.955,-3.460,-12026,-19050,-3042,1942,1902,1,1831,1904,1
2547132,8.169,-7.130,0.292,0.006,-0.325,0.108,3.334,-4.354,6.747,0.795,0.505,-2.582,9255,-7149,3275,1957,1898,1,1836,1904,1
2547242,7.975,-6.402,-0.204,-0.109,0.012,0.053,3.334,-4.354,6.786,-0.008,0.284,-0.695,16905,-7421,4268,1967,1902,1,1840,1906,1
2547352,8.006,-6.768,-0.347,-0.098,-0.032,0.104,3.295,-4.354,6.747,-0.813,0.505,-0.223,15429,-9890,6104,1957,1909,1,1839,1923,1
2547472,7.839,-6.440,0.093,-0.238,0.086,-0.015,3.334,-4.354,6.786,0.070,0.234,-0.086,12153,-11561,3618,1967,1889,1,1814,1934,1
2547582,8.045,-6.469,0.077,-0.234,-0.004,0.059,3.295,-4.354,6.747,-0.090,0.071,-0.108,10975,-11487,2715,1959,1896,1,1838,1911,1
2547702,8.042,-6.519,-0.019,-0.195,-0.038,0.036,3.334,-4.354,6.786,0.100,-0.159,0.114,10772,-11696,2571,1966,1903,1,1840,1902,1
2547822,8.001,-6.579,0.043,-0.203,-0.069,0.039,3.295,-4.354,6.786,0.127,-0.152,0.027,10751,-12533,2347,1951,1898,1,1847,1909,1
2547932,7.891,-6.551,-0.196,-0.242,-0.075,0.075,3.334,-4.354,6.747,0.029,-0.162,-0.028,11265,-11869,2356,1965,1903,1,1840,1904,1
2548052,7.748,-6.788,-0.539,-0.213,-0.106,0.098,3.334,-4.354,6.786,0.044,-0.223,0.054,11256,-11984,1553,1968,1894,1,1835,1915,1
2548172,7.503,-7.063,-0.828,-0.185,-0.072,0.065,3.334,-4.393,6.747,0.060,-0.220,0.010,10952,-12041,775,1962,1889,1,1842,1909,1
2548282,7.439,-7.113,-1.022,-0.203,-0.055,0.099,3.295,-4.354,6.786,-0.077,-0.155,-0.019,11058,-11863,567,1965,1889,1,1840,1907,1
2548402,7.367,-7.163,-0.998,-0.233,-0.008,0.092,3.334,-4.393,6.786,-0.122,-0.155,-0.020,11525,-11674,523,1962,1889,1,1850,1885,1
2548522,7.319,-7.240,-0.977,-0.225,0.061,0.032,3.334,-4.393,6.747,-0.078,0.047,-0.031,11527,-12413,430,1966,1898,1,1818,1909,1
2548632,7.424,-7.159,-1.027,-0.185,0.069,-0.001,3.295,-4.393,6.786,0.008,0.088,-0.121,11163,-12060,332,1965,1903,1,1843,1893,1
2548742,7.305,-7.137,-0.802,-0.184,0.080,-0.010,3.334,-4.354,6.747,0.214,0.282,-0.147,10662,-12110,304,1982,1890,1,1847,1843,1
2548852,7.389,-7.099,-0.723,-0.174,0.058,-0.028,3.295,-4.354,6.747,0.142,0.397,-0.253,13061,-10200,3790,1968,1895,1,1845,1907,1
2548972,7.168,-7.254,-0.292,0.021,0.029,0.039,3.295,-4.354,6.747,0.149,-2.330,0.696,24722,3625,19827,1966,1901,1,1851,1901,1
2549082,7.403,-7.281,-1.202,-0.056,0.018,-0.201,3.334,-4.354,6.747,-2.350,-2.166,4.887,-11386,-13716,-12358,1952,1884,1,1847,1904,1
2549202,7.776,-6.105,-0.948,-0.353,0.481,0.107,3.334,-4.354,6.747,1.915,0.735,-0.232,-14443,-23526,-14597,1958,1904,1,1863,1904,1
2549322,7.293,-7.350,0.285,-0.134,0.084,0.088,3.295,-4.354,6.747,0.210,2.632,-2.462,2965,-8315,-2104,1962,1904,1,1859,1911,1
2549432,7.554,-7.444,-0.725,-0.060,-0.049,0.019,3.295,-4.354,6.747,0.826,0.878,-1.301,12313,-5810,2965,1968,1891,1,1841,1887,1
2549542,7.168,-7.317,-0.294,-0.126,0.061,-0.019,3.334,-4.354,6.747,0.224,0.138,0.035,15125,-10192,6046,2009,1902,1,1836,1936,1
2549652,7.652,-7.295,-0.603,-0.203,0.101,-0.019,3.295,-4.354,6.747,0.165,-0.159,-0.046,13056,-12328,4760,1969,1887,1,1831,1907,1
2549772,7.405,-7.168,-0.306,-0.193,0.073,-0.021,3.295,-4.354,6.747,0.245,0.064,-0.064,11849,-12176,1881,1961,1897,1,1840,1905,1
2549892,7.499,-7.163,-0.352,-0.183,0.085,-0.038,3.295,-4.354,6.747,0.208,0.008,0.046,10717,-11373,978,1973,1905,1,1839,1906,1
2550002,7.372,-7.041,-0.189,-0.166,0.022,0.002,3.295,-4.354,6.747,-0.088,0.029,0.093,11336,-11816,1679,1968,1885,1,1838,1908,1
2550112,7.465,-6.929,-0.299,-0.189,0.040,0.003,3.334,-4.354,6.786,0.065,-0.064,0.033,10874,-12056,1134,1957,1889,1,1839,1910,1
2550222,7.434,-7.017,-0.261,-0.197,0.047,0.014,3.295,-4.354,6.747,0.086,-0.063,0.042,10820,-12021,1332,1972,1889,1,1838,1910,1
2550332,7.448,-7.080,-0.290,-0.179,0.041,-0.009,3.334,-4.354,6.786,0.086,-0.014,-0.083,11084,-12535,1486,1979,1893,1,1842,1916,1
2550452,7.410,-7.125,-0.213,-0.185,0.057,-0.062,3.334,-4.354,6.786,0.203,-0.111,-0.454,12291,-12428,2517,1963,1899,1,1840,1911,1
2550572,7.420,-6.914,-0.014,-0.136,0.029,-0.028,3.334,-4.393,6.747,1.522,-0.166,-1.348,20434,-10355,7879,1965,1879,1,1846,1882,1
2550692,7.587,-7.463,-0.385,-0.094,-0.072,-0.056,3.334,-4.354,6.747,-1.209,0.333,1.809,15901,3940,4316,1955,1889,1,1841,1909,1
2550802,7.558,-7.216,-0.211,-0.108,0.176,-0.073,3.295,-4.354,6.747,-1.757,-1.160,5.372,3959,587,2484,1959,1892,1,1803,1926,1
2550912,7.693,-6.812,-1.537,-0.390,0.151,-0.292,3.334,-4.354,6.786,2.475,-1.174,2.282,-28998,-32479,-19275,1965,1871,1,1867,1897,1
2551032,8.018,-6.785,1.372,-0.380,0.300,0.479,3.295,-4.354,6.747,-0.207,2.611,-3.184,-5101,-10229,-5040,1967,1916,1,1862,1910,1
2551152,7.776,-7.185,-0.630,-0.091,-0.256,-0.249,3.334,-4.354,6.747,0.847,1.257,-2.106,11124,-8866,3112,1962,1895,1,1839,1904,1
2551272,7.065,-7.183,0.122,-0.243,0.157,-0.002,3.295,-4.354,6.747,1.517,-0.205,-0.655,13683,-11114,7141,1961,1872,1,1824,1901,1
2551392,7.872,-7.128,-0.232,-0.172,0.016,-0.036,3.295,-4.354,6.747,-0.112,-0.530,-0.240,12102,-11466,5944,1966,1890,1,1840,1889,1
2551512,7.513,-6.996,-0.043,-0.079,-0.048,0.027,3.295,-4.354,6.747,-0.183,-0.355,-0.177,10823,-12368,2214,1958,1889,1,1838,1901,1
2551632,7.688,-6.972,-0.115,-0.123,0.012,-0.037,3.295,-4.354,6.747,-0.075,-0.283,-0.117,12301,-11311,2075,1963,1892,1,1868,1909,1
2551752,7.573,-7.020,0.074,-0.160,0.083,0.035,3.334,-4.393,6.747,0.193,-1.028,-0.288,12992,-11129,1318,1966,1897,1,1841,1903,1
2551862,7.855,-6.845,0.031,-0.055,0.277,-0.004,3.295,-4.354,6.747,0.481,-0.750,-1.702,16958,-9613,-909,1981,1895,1,1834,1905,1
2551972,7.846,-6.984,0.297,-0.214,0.563,-0.071,3.334,-4.315,6.786,1.247,-1.005,-1.818,13724,-7875,1873,1933,1894,1,1838,1905,1
2552082,7.654,-7.013,0.905,-0.150,0.266,-0.164,3.295,-4.354,6.786,-0.623,0.214,0.172,14203,-5815,-183,1967,1874,1,1829,1900,1
2552192,7.384,-6.488,1.214,-0.566,-0.012,-0.351,3.295,-4.315,6.747,0.301,-0.326,-0.659,15546,-8637,519,1969,1899,1,1869,1917,1
2552302,8.420,-6.723,-0.579,-0.554,0.026,-0.822,3.373,-4.354,6.786,0.256,-1.232,-2.316,20211,-2504,-829,1957,1874,1,1841,1919,1
2552422,9.074,-5.255,-0.148,-0.530,0.658,-0.653,3.334,-4.354,6.786,0.194,-1.177,-0.114,16780,-2681,-2367,1965,1892,1,1840,1924,1
2552542,8.612,-5.377,0.807,-0.485,0.669,-0.433,3.334,-4.393,6.747,-0.117,-0.650,-1.002,17687,-1388,-3424,1965,1902,1,1842,1911,1
2552662,9.316,-5.045,1.580,-0.094,-0.010,-0.177,3.334,-4.315,6.747,0.350,0.346,-2.396,17034,2459,-6628,1968,1895,1,1867,1908,1
2552772,9.440,-4.721,1.784,0.074,0.261,-0.253,3.334,-4.354,6.747,0.621,-0.423,-3.233,10344,14600,-7997,1971,1887,1,1833,1909,1
2552882,9.134,-4.061,2.114,-0.095,0.207,-0.151,3.295,-4.511,6.786,0.618,2.670,5.519,520,29602,-12362,1962,1897,1,1847,1907,1
2552992,9.519,-4.501,1.087,-0.103,-0.071,-0.061,3.334,-4.315,6.747,-2.558,7.066,9.896,-5023,-28517,-1216,1955,1882,1,1838,1904,1
2553112,9.476,-3.522,1.192,-0.371,0.054,0.248,3.334,-4.354,6.747,2.934,-3.202,2.164,-17313,-20129,-9954,1963,1893,1,1840,1910,1
2553232,8.653,-4.633,1.896,-0.354,-0.053,0.207,3.295,-4.354,6.747,-0.069,-0.133,-3.476,-16613,-26658,-15338,1960,1904,1,1841,1905,1
2553352,9.907,-5.844,0.546,-0.326,0.130,0.035,3.334,-4.354,6.747,2.357,0.716,-4.690,11897,-4018,7435,1959,1900,1,1835,1914,1
2553462,8.689,-4.515,2.150,-0.132,0.107,-0.011,3.295,-4.354,6.747,0.544,-0.549,-1.789,20019,181,3767,1966,1855,1,1839,1921,1
2553572,9.112,-4.709,1.755,-0.024,-0.103,0.031,3.334,-4.354,6.747,0.706,0.545,-0.815,16916,-7033,-453,1943,1897,1,1841,1924,1
2553682,9.112,-5.179,0.939,-0.148,-0.149,0.135,3.295,-4.354,6.747,-0.126,0.074,-0.590,15859,-5684,2982,1957,1893,1,1840,1904,1
2553792,9.108,-4.915,1.144,-0.303,-0.059,0.060,3.334,-4.354,6.747,-0.083,-0.007,-0.094,14919,-6971,2118,1967,1910,1,1850,1915,1
2553912,8.966,-5.164,1.228,-0.107,-0.126,0.110,3.334,-4.354,6.747,-0.118,0.065,0.190,14922,-6189,1675,1965,1871,1,1845,1902,1
2554022,8.950,-5.296,0.778,-0.138,-0.063,0.074,3.334,-4.354,6.786,0.041,0.006,0.068,15620,-6558,1506,1957,1909,1,1853,1879,1
2554132,8.973,-5.310,0.687,-0.223,0.036,-0.034,3.373,-4.354,6.747,-0.259,-0.062,-0.091,15133,-5465,1440,1959,1892,1,1838,1904,1
2554252,8.866,-5.466,0.836,-0.241,0.011,0.018,3.295,-4.393,6.786,-0.238,-0.140,0.029,15444,-6131,1547,1962,1894,1,1840,1904,1
2554362,9.017,-5.339,0.745,-0.212,0.015,-0.062,3.295,-4.354,6.786,-0.046,-0.104,0.000,15240,-6315,840,1957,1891,1,1840,1906,1
2554472,9.146,-5.418,0.898,-0.224,-0.043,-0.140,3.295,-4.315,6.708,-0.044,-0.070,0.007,15487,-7113,1559,1962,1887,1,1826,1910,1
2554592,9.589,-5.327,0.790,-0.337,-0.183,-0.640,3.256,-4.315,6.747,0.542,-0.414,-0.162,15839,-6431,2393,1964,1887,1,1808,1904,1
2554712,12.950,-3.701,1.559,-0.438,0.157,-1.695,3.295,-4.354,6.747,0.495,-0.566,-0.434,16369,-5956,423,1962,1904,1,1839,1904,1
2554822,11.526,3.893,5.942,-0.076,0.999,-1.332,3.334,-4.393,6.786,0.761,-1.054,-0.610,16462,-3937,101,1958,1897,1,1822,1900,1
2554932,5.037,10.815,7.125,-1.176,-2.406,3.102,3.334,-4.354,6.747,1.845,-1.164,-0.557,15326,-4492,-5580,1959,1894,1,1838,1927,1
2555052,-8.035,-17.277,-16.561,-1.161,-0.419,4.366,3.295,-4.354,6.747,0.375,0.047,-0.079,13097,-5583,-3030,1967,1872,1,1799,1905,1
2555172,1.580,-11.473,-4.772,0.996,1.152,-1.806,3.334,-4.354,6.747,-0.335,-0.140,0.055,13468,-3040,-3123,1999,1897,1,1845,1909,1
2555292,4.075,-7.362,0.122,1.508,0.719,-1.435,3.334,-4.354,6.747,-0.064,-0.443,0.141,15535,-5165,-5470,1964,1885,1,1833,1913,1
2555402,8.835,-1.410,3.218,0.182,-0.984,-1.031,3.334,-4.354,6.747,-0.337,0.134,0.259,14646,-3284,-6309,1958,1893,1,1842,1899,1
2555512,11.468,-4.602,0.096,-0.192,-0.795,0.770,3.334,-4.354,6.786,-0.488,0.056,0.259,15267,-3761,-3846,1967,1891,1,1836,1919,1
2555632,10.116,-7.544,0.182,-0.260,-0.317,-0.056,3.295,-4.354,6.747,-0.284,0.165,0.352,15692,-6156,-3994,1951,1894,1,1839,1905,1
2555752,7.348,-6.436,0.165,-0.114,-0.026,-0.326,3.334,-4.354,6.747,0.003,0.138,0.129,15467,-5356,-3682,1971,1889,1,1837,1904,1
2555862,7.913,-5.981,-0.263,-0.272,-0.093,-0.080,3.334,-4.354,6.747,0.013,0.078,0.067,15308,-5193,-3941,1957,1898,1,1840,1899,1
2555982,8.325,-6.864,-0.790,-0.074,0.093,-0.101,3.295,-4.354,6.786,0.097,0.158,-0.013,15252,-5812,-3661,1961,1897,1,1837,1915,1
2556102,8.164,-6.285,-0.486,-0.145,0.102,-0.144,3.334,-4.354,6.747,0.059,0.121,-0.155,15285,-5635,-3096,1963,1888,1,1849,1905,1
2556222,9.706,-8.052,-1.255,-0.813,0.448,-1.175,3.334,-4.354,6.747,-0.150,0.194,-0.051,15173,-5514,-3032,1957,1895,1,1836,1905,1
2556342,12.799,-0.326,1.396,-2.150,1.842,-3.509,3.334,-4.315,6.747,-0.466,-0.063,-0.372,16114,-4575,-1934,1965,1893,1,1840,1907,1
2556462,7.841,10.137,12.345,-0.863,1.601,-1.031,3.334,-4.354,6.747,-0.268,-0.445,-0.494,15802,-3382,-4815,1964,1886,1,1831,1913,1
2556582,-10.963,-7.312,-13.920,-0.025,-4.366,4.366,3.295,-4.354,6.786,0.186,0.354,0.052,15211,-4391,-4838,1959,1889,1,1838,1915,1
2556702,-0.898,-17.494,-6.675,1.494,0.628,-1.537,3.295,-4.393,6.747,0.182,0.089,-0.033,14299,-2608,-835,1979,1891,1,1839,1900,1
2556822,3.419,-8.722,-3.330,1.705,1.302,-1.798,3.295,-4.315,6.708,0.431,-0.319,0.171,17095,-4320,-4695,1967,1890,1,1856,1909,1
2556932,7.025,-1.391,4.111,1.074,0.161,-1.523,3.295,-4.315,6.747,-0.440,-0.109,-0.159,15624,-4109,-6424,1957,1888,1,1840,1883,1
2557052,12.543,0.692,2.224,-0.661,-1.113,0.058,3.295,-4.393,6.747,-0.331,0.138,-0.161,15286,-3151,-4565,1964,1903,1,1842,1908,1
2557172,11.770,-4.956,-0.148,-0.312,-0.155,0.106,3.295,-4.354,6.747,-0.221,0.224,0.114,15585,-2931,-4098,1959,1903,1,1847,1904,1
2557292,9.093,-5.195,-0.520,-0.005,0.009,-0.124,3.295,-4.354,6.747,-0.011,0.283,0.161,16497,-4029,-3290,1967,1897,1,1840,1910,1
2557412,8.842,-4.044,-0.594,-0.169,-0.173,0.075,3.295,-4.354,6.747,0.062,0.185,0.109,15693,-2858,-3086,1955,1898,1,1843,1897,1
2557522,9.459,-5.564,-0.905,-0.153,0.068,0.018,3.295,-4.354,6.747,0.094,0.178,0.060,15869,-3992,-3145,1967,1889,1,1841,1905,1
2557632,9.328,-4.872,-0.783,-0.246,0.124,-0.130,3.295,-4.393,6.786,0.022,0.083,0.048,16028,-3847,-2404,1967,1874,1,1853,1905,1
2557742,10.247,-4.424,-0.453,-0.248,0.138,-0.298,3.295,-4.354,6.747,0.014,-0.020,0.003,15794,-4003,-2387,1953,1899,1,1842,1910,1
2557862,14.159,1.427,1.353,-0.979,0.675,-1.009,3.334,-4.315,6.786,0.202,-0.514,-0.158,16217,-2998,-1516,1959,1904,1,1827,1902,1
2557982,8.035,7.087,1.946,-0.259,-2.470,3.839,3.295,-4.393,6.747,0.382,-0.531,-0.068,15659,-4087,-6401,1955,1897,1,1841,1905,1
2558092,-13.020,-20.468,-12.950,-1.473,-1.186,3.890,3.295,-4.315,6.786,0.372,0.261,-0.021,15389,-6743,-3280,1969,1894,1,1838,1905,1
2558212,0.476,-9.567,-6.479,0.945,1.557,-1.853,3.334,-4.315,6.747,0.020,-0.078,0.170,14556,46,-3059,1967,1890,1,1835,1914,1
2558322,4.879,-6.596,-0.637,1.587,1.664,-1.336,3.256,-4.315,6.747,-0.177,-0.453,-0.036,15961,-5427,-6840,1963,1887,1,1843,1911,1
2558442,11.054,-1.949,3.110,0.727,-1.554,-0.314,3.295,-4.354,6.786,-0.328,0.455,0.082,15416,-4178,-4710,1964,1893,1,1838,1891,1
2558562,9.687,-5.444,0.194,0.135,-0.059,0.336,3.295,-4.393,6.747,-0.322,0.233,0.162,14862,-4072,-4894,1968,1894,1,1847,1909,1
2558672,9.052,-7.130,-0.213,-0.495,-0.254,-0.177,3.334,-4.354,6.747,-0.255,0.351,0.205,15935,-4120,-3150,1968,1888,1,1849,1911,1
2558792,7.525,-6.615,-0.711,-0.194,-0.050,-0.275,3.295,-4.354,6.786,0.010,0.180,0.038,15855,-4522,-2720,1963,1901,1,1840,1904,1
2558912,7.958,-7.008,-1.171,-0.409,0.226,-0.289,3.334,-4.354,6.747,0.340,-0.009,-0.324,18122,-3947,-385,1966,1889,1,1845,1919,1
2559032,8.861,-6.120,-0.730,-0.578,0.853,-0.776,3.295,-4.354,6.747,-1.057,-0.892,-0.193,20947,-2764,-3987,1963,1897,1,1841,1904,1
2559152,8.866,-4.130,0.864,-0.484,0.667,-0.528,3.334,-4.354,6.786,-0.814,1.017,2.173,19976,5793,-2053,1968,1893,1,1840,1907,1
2559262,8.988,-4.724,0.924,-0.260,0.437,-0.093,3.295,-4.315,6.747,-2.246,1.576,5.980,11090,6496,3099,1957,1895,1,1841,1906,1
2559372,9.723,-5.361,-0.441,-0.316,0.096,-0.155,3.295,-4.354,6.786,8.351,-4.516,4.451,-32760,-24092,-5529,1938,1895,1,1840,1904,1
2559492,8.961,-1.590,0.790,-0.622,0.156,-0.170,3.295,-4.354,6.747,-0.313,1.032,-2.290,-2412,-19689,-7571,1968,1893,1,1843,1905,1
2559612,8.914,-5.686,1.252,-0.256,0.481,-0.072,3.334,-4.315,6.747,0.724,2.225,-3.301,1568,-8620,-2764,1959,1891,1,1842,1910,1
2559722,9.673,-4.125,1.207,-0.096,0.082,-0.152,3.256,-4.354,6.786,1.731,1.196,-1.888,13984,-154,5534,1963,1893,1,1844,1906,1
2559832,9.000,-4.106,1.441,0.085,-0.054,0.064,3.334,-4.354,6.747,-0.558,0.039,-0.486,18464,1302,5952,1968,1891,1,1839,1906,1
2559942,9.536,-4.453,0.426,-0.076,-0.153,0.048,3.334,-4.354,6.747,0.114,-0.157,0.392,16514,-5147,4876,1959,1889,1,1843,1906,1
2560052,9.625,-4.262,0.505,-0.164,0.045,0.066,3.256,-4.354,6.747,-0.404,-0.386,-0.139,15508,-6962,2571,1968,1892,1,1834,1946,1
2560162,9.637,-4.360,0.493,-0.248,0.103,-0.013,3.295,-4.354,6.747,-0.115,-0.090,-0.015,15359,-6193,2088,1964,1889,1,1844,1915,1
2560282,9.325,-4.733,0.735,-0.131,-0.005,-0.002,3.256,-4.354,6.747,0.658,-0.375,-0.498,19180,-4733,8232,1963,1943,1,1837,1911,1
2560402,9.385,-4.549,0.862,-0.124,0.040,-0.011,3.295,-4.354,6.747,-0.505,-0.575,0.856,18472,913,4085,1971,1899,1,1845,1906,1
2560512,9.143,-4.642,0.929,-0.066,0.033,-0.002,3.295,-4.315,6.786,-0.226,-0.351,3.206,18006,-822,3457,1953,1897,1,1845,1911,1
2560622,9.515,-4.997,0.072,-0.274,-0.084,-0.095,3.373,-4.315,6.825,-1.735,-3.428,4.862,-21194,-11713,-9129,1968,1899,1,1842,1911,1
2560742,9.179,-2.828,-0.019,-0.558,0.249,-0.112,3.295,-4.393,6.786,-1.343,2.069,-1.267,-7066,-22646,-9802,1968,1892,1,1843,1903,1
2560862,8.988,-5.926,1.398,-0.190,0.236,0.237,3.295,-4.393,6.747,-0.575,1.799,-2.885,1756,-13798,-4210,1962,1897,1,1841,1909,1
2560972,9.811,-4.729,0.294,-0.116,-0.095,-0.199,3.295,-4.354,6.747,0.390,0.733,-2.217,9276,-8897,317,1956,1894,1,1846,1908,1
2561082,8.961,-4.532,0.479,-0.173,0.076,0.083,3.334,-4.354,6.786,0.285,0.016,-1.297,16482,-6439,-533,1966,1903,1,1845,1911,1
2561192,9.148,-4.975,0.831,-0.123,-0.085,0.047,3.334,-4.354,6.747,0.561,0.388,-0.556,17669,-4579,3594,1963,1893,1,1840,1908,1
2561302,10.051,-3.666,0.340,-0.279,0.201,-0.082,3.334,-4.354,6.747,0.825,-0.879,-0.094,14608,-9239,2894,1968,1887,1,1839,1918,1
2561422,9.524,-5.052,0.062,-0.169,0.080,-0.026,3.334,-4.354,6.747,0.126,0.006,-0.093,14591,-8365,-451,1966,1897,1,1845,1914,1
2561532,9.239,-4.604,0.127,-0.198,0.063,0.012,3.295,-4.354,6.747,-0.155,-0.123,0.015,14246,-6961,-393,1977,1876,1,1843,1909,1
2561642,9.184,-4.951,0.443,-0.219,0.049,0.056,3.334,-4.354,6.747,-0.001,-0.082,0.022,14443,-7919,-811,1968,1889,1,1852,1902,1
2561752,9.220,-4.743,0.522,-0.227,0.068,0.048,3.334,-4.354,6.747,-0.004,0.000,0.092,14475,-8114,-705,1979,1901,1,1840,1911,1
2561862,9.115,-4.760,0.510,-0.193,0.060,0.023,3.413,-4.393,6.904,0.034,-0.058,0.009,14186,-7504,-349,1966,1890,1,1842,1910,1
2561972,9.143,-4.676,0.393,-0.273,0.049,0.036,3.413,-4.354,6.747,-0.122,-0.097,0.050,14693,-7962,-644,1966,1897,1,1842,1904,1
2562082,9.041,-5.322,0.558,-0.219,0.101,0.050,3.295,-4.315,6.708,-0.039,0.023,0.071,14392,-7871,-1150,1961,1898,1,1835,1910,1
2562192,8.942,-5.181,0.510,-0.184,0.051,0.006,3.256,-4.354,6.747,0.020,-0.045,-0.058,14436,-7837,-1040,1961,1901,1,1840,1909,1
2562302,9.076,-4.908,0.716,-0.152,0.058,-0.027,3.295,-4.315,6.747,0.009,-0.015,-0.012,14409,-7605,-1000,1963,1893,1,1847,1914,1
2562422,8.942,-5.006,0.646,-0.189,0.003,0.038,3.334,-4.354,6.747,0.002,-0.023,-0.027,14378,-7836,-740,1959,1906,1,1849,1907,1
2562532,9.136,-5.136,0.453,-0.192,0.050,0.002,3.334,-4.393,6.747,0.000,-0.024,0.002,14360,-8089,-603,1968,1890,1,1840,1904,1
2562642,9.246,-4.891,0.136,-0.333,0.215,0.013,3.334,-4.354,6.747,0.203,-0.226,-0.107,14514,-8161,170,1968,1893,1,1838,1910,1
2562752,9.316,-5.057,0.213,-0.485,0.453,-0.070,3.334,-4.354,6.747,0.157,-0.662,-0.260,14432,-8411,-169,1970,1894,1,1840,1915,1
2562862,11.030,-4.812,-2.222,-0.934,1.308,-0.499,3.334,-4.354,6.747,-0.573,-1.834,-1.020,14427,-11994,2701,1969,1887,1,1838,1968,1
2562982,7.980,-4.599,2.200,-0.375,2.315,0.595,3.295,-4.354,6.747,-2.472,-2.754,-2.161,10160,-3427,-9808,1968,1889,1,1849,1911,1
2563102,4.453,-5.174,8.183,-0.809,0.648,0.207,3.334,-4.354,6.747,0.142,-0.550,-0.425,6419,12240,-18526,1962,1893,1,1842,1901,1
2563212,3.967,-7.096,8.636,0.429,-1.713,0.509,3.334,-4.354,6.747,0.512,1.114,2.200,6748,9459,-16075,1963,1895,1,1839,1907,1
2563322,6.402,-7.803,0.314,0.772,-3.183,0.519,3.373,-4.354,6.747,-0.678,2.340,3.162,7904,-8863,-12480,1966,1887,1,1839,1911,1
2563432,17.631,-3.812,-10.970,-3.251,0.642,-1.168,3.373,-4.354,6.747,1.618,1.035,0.118,21257,-23631,16872,1968,1895,1,1839,1917,1
2563552,8.629,-7.219,-4.551,-1.535,2.405,0.193,3.334,-4.354,6.747,1.778,-1.301,-1.452,12494,-13256,-2047,1968,1893,1,1834,1919,1
2563672,5.011,-7.918,5.124,-1.263,2.050,-0.237,3.334,-4.354,6.747,0.928,-1.310,-1.329,8585,-4770,-15523,1968,1904,1,1839,1909,1
2563792,6.132,-5.760,7.618,-0.145,0.024,0.015,3.334,-4.354,6.747,0.512,0.587,0.224,10766,1843,-15256,1969,1894,1,1840,1915,1
2563902,6.148,-6.620,5.435,0.629,-1.506,0.422,3.295,-4.354,6.747,-0.524,0.976,1.204,10371,-204,-14112,1967,1896,1,1843,1915,1
2564012,7.365,-7.144,-0.278,1.051,-2.287,0.071,3.334,-4.354,6.747,-1.480,1.769,1.640,11225,-8150,-8602,1967,1890,1,1843,1919,1
2564122,9.242,-5.607,-5.116,0.648,-1.418,0.131,3.334,-4.354,6.708,-0.724,1.350,1.019,11106,-13889,-2582,1965,1895,1,1840,1907,1
2564242,10.355,-5.236,-6.651,-0.908,1.087,0.060,3.334,-4.354,6.747,0.198,-0.380,-0.461,14785,-16201,6048,1974,1895,1,1840,1911,1
2564362,7.309,-7.733,0.062,-1.096,1.977,0.014,3.295,-4.315,6.747,0.830,-1.518,-0.959,11054,-10692,-6544,1966,1902,1,1840,1909,1
2564482,6.706,-6.474,4.606,-0.753,0.944,-0.373,3.334,-4.315,6.786,1.137,-0.949,-1.094,10974,-4924,-12215,1963,1895,1,1841,1907,1
2564602,7.264,-5.195,4.034,0.041,-0.372,-0.002,3.295,-4.393,6.786,0.159,-0.250,-0.420,11556,-268,-12777,1968,1893,1,1844,1920,1
2564722,7.633,-6.948,1.980,0.792,-1.027,0.315,3.334,-4.315,6.786,-0.538,0.589,0.668,12281,-2963,-10483,1959,1891,1,1840,1913,1
2564832,8.329,-6.069,-0.883,0.442,-1.143,0.071,3.295,-4.354,6.747,-0.999,0.869,1.170,12131,-7337,-8849,1957,1893,1,1835,1904,1
2564942,8.207,-6.357,-1.686,0.629,-0.721,0.483,3.334,-4.354,6.747,-0.441,1.049,0.902,11326,-10230,-4834,1966,1890,1,1830,1908,1
2565062,8.511,-6.287,-1.968,-0.030,-0.050,0.202,3.334,-4.393,6.747,-0.440,0.158,0.185,13464,-11616,-1768,1964,1896,1,1840,1910,1
2565182,7.822,-6.721,-0.407,-0.190,0.214,0.122,3.334,-4.354,6.708,0.172,-0.028,0.002,12975,-9118,-5028,1965,1895,1,1841,1907,1
2565292,7.719,-6.833,-0.285,-0.138,0.080,0.026,3.334,-4.276,6.747,0.083,-0.051,0.034,12847,-8004,-5934,1939,1899,1,1840,1902,1
2565402,7.958,-6.440,-0.630,-0.191,0.007,-0.024,3.334,-4.315,6.747,0.094,0.118,0.042,12901,-8596,-5549,1962,1894,1,1840,1911,1
2565512,8.049,-6.378,-0.716,-0.262,0.078,0.008,3.295,-4.354,6.747,0.110,0.023,-0.008,12970,-9056,-4786,1967,1904,1,1841,1915,1
2565622,7.882,-6.541,-0.275,-0.219,0.118,0.009,3.373,-4.354,6.747,0.112,0.030,-0.070,12690,-8892,-5044,1959,1887,1,1846,1918,1
2565732,7.848,-6.431,-0.388,-0.185,-0.014,-0.008,3.334,-4.433,6.747,0.031,0.006,-0.005,12845,-8650,-4916,1962,1894,1,1838,1904,1
2565852,7.987,-6.644,-0.840,-0.220,-0.042,-0.019,3.373,-4.354,6.747,0.091,-0.043,-0.030,12917,-8774,-4859,1965,1896,1,1841,1909,1
2565972,7.999,-6.388,-0.728,-0.220,0.084,-0.020,3.334,-4.315,6.747,0.069,0.013,-0.009,12874,-8991,-5132,1960,1893,1,1843,1907,1
2566092,7.853,-6.637,-0.510,-0.199,0.025,0.013,3.334,-4.354,6.747,0.102,0.064,0.004,12809,-8710,-4646,1962,1906,1,1793,1915,1
2566202,7.920,-6.555,-0.675,-0.153,0.008,0.005,3.256,-4.354,6.747,0.110,-0.002,-0.004,12924,-8993,-4339,1958,1897,1,1840,1904,1
2566322,7.946,-6.522,-0.680,-0.151,0.005,-0.006,3.295,-4.315,6.747,0.095,0.002,-0.004,13028,-9185,-4544,1981,1893,1,1843,1906,1
2566442,8.167,-6.922,-0.996,-0.255,0.275,-0.256,3.334,-4.354,6.747,0.207,0.069,-0.097,13167,-9014,-4338,1955,1901,1,1840,1904,1
2566562,9.572,-9.632,-0.790,-1.235,2.235,-2.667,3.334,-4.354,6.747,0.400,-0.431,0.095,14199,-6616,-1136,1959,1893,1,1835,1919,1
2566682,6.529,0.591,3.484,-0.390,1.665,-4.366,3.373,-4.354,6.747,-0.087,-1.141,0.387,14579,-9777,-4327,1951,1887,1,1837,1905,1
2566792,8.768,4.829,3.041,0.665,0.017,-1.172,3.334,-4.354,6.747,0.070,-1.027,0.363,10819,-9987,-7668,1964,1893,1,1839,1905,1
2566902,11.413,4.424,3.510,-0.514,0.302,-1.409,3.334,-4.354,6.747,-0.150,-0.369,1.253,6925,-9343,-9171,1968,1897,1,1842,1930,1
2567012,7.544,5.641,5.215,-0.788,1.175,-1.244,3.334,-4.354,6.747,0.375,0.272,0.652,2453,-13475,-10133,1961,1898,1,1834,1905,1
2567122,7.125,6.713,5.253,-1.065,0.524,-0.339,3.334,-4.354,6.747,0.002,0.823,-0.220,4665,-12858,-7975,1957,1893,1,1839,1904,1
2567232,9.294,4.690,8.023,-0.709,0.858,0.522,3.334,-4.354,6.747,0.682,0.507,-0.138,7435,-12247,-5858,1974,1895,1,1913,1908,1
2567342,2.320,3.134,7.475,-0.275,-1.918,4.147,3.334,-4.354,6.747,0.365,0.398,-0.665,10999,-16191,-4264,1962,1890,1,1837,1902,1
2567452,1.197,-0.692,0.747,-0.898,-4.366,4.366,3.334,-4.354,6.747,0.057,0.171,-1.197,12004,-12859,-3243,1959,1895,1,1838,1914,1
2567572,2.018,-8.935,-5.181,-0.623,-3.368,2.389,3.334,-4.354,6.747,0.112,-0.089,-1.166,12729,-8195,-2709,1963,1903,1,1816,1906,1
2567692,1.094,-9.481,-2.258,0.456,-1.043,2.649,3.334,-4.354,6.747,0.324,-0.135,-0.731,13149,-6252,-4639,1976,1909,1,1837,1904,1
2567812,-1.867,-14.073,-3.807,0.725,-0.290,1.247,3.334,-4.354,6.747,-0.087,-0.010,0.077,12805,-5406,-4841,1966,1897,1,1853,1904,1
2567932,0.546,-13.628,-3.534,-0.174,-0.589,-1.222,3.295,-4.354,6.747,-0.047,-0.221,0.187,14558,-8084,-3776,1930,1891,1,1831,1907,1
2568052,-0.110,-11.193,-1.209,-1.957,1.375,-3.595,3.334,-4.354,6.747,-0.037,-0.231,0.057,13620,-7864,-5581,1965,1896,1,1843,1917,1
2568172,7.257,-2.811,-0.759,-0.055,0.789,-4.313,3.373,-4.197,6.747,-0.145,-0.041,0.113,12952,-7408,-5346,1962,1898,1,1839,1911,1
2568292,11.025,-2.435,-0.948,0.180,0.692,-0.579,3.334,-4.354,6.747,0.037,-0.159,0.246,12265,-7914,-5711,1951,1893,1,1836,1904,1
2568412,9.989,-3.771,-2.579,-0.178,-0.056,-0.536,3.334,-4.354,6.747,0.042,-0.014,0.208,13045,-9838,-5218,1959,1887,1,1840,1904,1
2568532,12.364,-2.243,-2.152,-0.870,1.707,-1.573,3.373,-4.354,6.747,0.023,0.020,0.105,12627,-8891,-4725,1957,1886,1,1838,1899,1
2568652,10.017,1.161,4.365,-1.485,2.593,-3.343,3.373,-4.354,6.708,-0.146,0.029,-0.026,12803,-8628,-5911,1954,1886,1,1842,1904,1
2568772,8.576,4.319,6.443,-0.574,1.484,-1.420,3.334,-4.354,6.786,-0.202,-0.083,0.088,12978,-9151,-4740,1962,1903,1,1846,1905,1
2568882,6.876,4.329,6.091,-0.760,0.580,0.702,3.334,-4.393,6.747,-0.153,-0.082,-0.213,12770,-10681,-5018,1964,1889,1,1840,1907,1
2569002,3.519,2.825,5.657,-0.095,-2.024,4.366,3.334,-4.354,6.708,0.005,0.018,-0.290,12084,-8108,-5637,1962,1894,1,1843,1911,1
2569112,2.624,-4.920,-1.379,-0.597,-3.285,4.366,3.452,-4.354,6.747,0.115,0.137,-0.247,13172,-7194,-5045,1967,1894,1,1839,1911,1
2569232,-0.208,-10.894,-3.946,-3.076,-1.866,2.959,3.334,-4.354,6.747,0.294,0.053,-0.361,13672,-6752,-4650,1966,1895,1,1841,1913,1
2569352,-0.220,-13.199,-4.159,-0.462,-0.494,1.465,3.334,-4.354,6.747,0.163,0.028,-0.160,13930,-6503,-4468,1961,1890,1,1845,1905,1
2569472,1.142,-13.769,-5.289,0.160,-0.819,-0.957,3.334,-4.354,6.747,0.221,0.116,0.095,14459,-6229,-2609,1963,1892,1,1840,1910,1
2569592,2.545,-10.879,-3.924,-0.122,-0.080,-2.947,3.334,-4.315,6.747,0.219,-0.544,0.356,13730,-8218,-3928,1954,1903,1,1839,1905,1
2569712,6.024,-4.997,-0.678,1.231,-0.072,-3.188,3.334,-4.354,6.747,0.719,0.057,0.543,12598,-7407,-5108,1956,1893,1,1842,1914,1
2569822,9.206,-1.669,-1.168,-0.247,-0.335,-1.312,3.334,-4.354,6.747,0.123,0.052,0.469,11366,-11644,-4563,1968,1890,1,1846,1913,1
2569942,10.250,-5.016,-3.883,-0.030,0.011,-0.006,3.334,-4.354,6.747,-0.095,0.053,0.112,12324,-11825,-4152,1961,1889,1,1835,1905,1
2570062,7.999,-4.228,-1.841,-0.428,0.239,0.299,3.334,-4.354,6.747,-0.042,0.174,-0.149,12151,-10115,-3976,1985,1889,1,1834,1916,1
2570182,8.475,-5.291,-1.961,-0.400,0.537,0.219,3.373,-4.354,6.747,-0.128,0.314,-0.268,11387,-8850,-4824,1957,1889,1,1845,1913,1
2570302,8.119,-6.220,-1.460,-0.104,0.452,0.115,3.373,-4.354,6.747,-0.158,0.527,-0.002,12258,-9357,-2717,1965,1897,1,1843,1911,1
2570422,8.782,-6.258,-1.396,-0.034,0.699,-0.275,3.334,-4.354,6.708,0.908,0.034,-1.888,19202,-17943,-1513,1968,1878,1,1840,1905,1
2570542,9.048,-5.571,0.187,0.248,0.949,-0.203,3.373,-4.315,6.786,0.816,0.582,-4.804,15668,-682,-1046,1971,1897,1,1841,1908,1
2570652,8.878,-5.011,1.451,0.038,0.940,-0.551,3.452,-4.276,6.747,0.206,0.399,-3.219,12485,16744,-247,1968,1891,1,1845,1905,1
2570762,9.388,-3.926,1.860,-0.321,0.987,-1.141,3.334,-4.315,6.747,-1.283,0.433,1.583,11088,15586,3237,1957,1899,1,1840,1907,1
2570872,9.151,-2.318,2.658,-0.538,0.292,-1.080,3.256,-4.315,6.747,-0.533,-0.602,4.250,7652,6193,1519,1968,1891,1,1840,1907,1
2570982,9.550,-2.646,2.195,-0.390,0.100,-0.206,3.334,-4.354,6.747,-1.081,-1.322,4.503,4014,-4184,-1364,1953,1891,1,1840,1907,1
2571092,10.101,-1.918,2.006,-0.330,-0.254,0.033,3.295,-4.315,6.747,-0.098,-0.801,3.627,940,-13562,-5120,1958,1893,1,1840,1918,1
2571212,9.902,-2.500,1.520,-0.445,-0.412,0.349,3.295,-4.393,6.786,-0.797,-1.038,1.685,-1759,-19281,-8939,1959,1897,1,1859,1911,1
2571332,9.981,-3.098,1.144,-0.226,-0.142,0.588,3.295,-4.393,6.747,-0.126,-0.544,0.278,5920,-19897,-8172,1966,1898,1,1843,1904,1
2571452,9.689,-4.875,0.723,-0.161,-0.152,0.429,3.334,-4.354,6.747,0.161,-0.020,-1.808,3306,-24372,-9962,1936,1895,1,1838,1910,1
2571572,9.706,-4.010,0.852,0.051,0.214,0.287,3.295,-4.354,6.747,-1.232,4.002,-3.817,4736,-5030,-3965,1968,1893,1,1845,1907,1
2571682,8.887,-4.817,1.087,-0.082,0.069,0.183,3.295,-4.354,6.747,0.641,1.864,-0.823,12106,2098,5435,1952,1901,1,1843,1915,1
2571792,9.459,-4.484,1.149,-0.069,-0.107,0.134,3.334,-4.315,6.747,1.024,-0.246,0.033,16425,-9974,4672,1955,1890,1,1833,1904,1
2571902,9.380,-5.277,1.130,-0.196,-0.073,-0.042,3.334,-4.393,6.747,0.332,-0.122,-0.686,17778,-8351,2433,1972,1899,1,1838,1904,1
2572022,9.184,-5.040,1.331,-0.039,0.221,-0.064,3.295,-4.354,6.747,0.338,0.020,-1.958,18308,-8623,867,1969,1904,1,1827,1907,1
2572132,9.452,-4.401,1.415,-0.074,0.314,-0.444,3.334,-4.393,6.786,0.937,-1.838,-1.217,17020,4069,5174,1965,1901,1,1839,1906,1
2572242,9.218,-3.749,1.877,-0.331,0.483,-0.701,3.334,-4.354,6.747,2.015,-1.805,-0.069,14835,7895,-392,1951,1890,1,1841,1907,1
2572352,9.476,-2.787,2.538,-0.264,0.087,-0.364,3.295,-4.354,6.747,0.093,0.326,4.142,7260,997,-2893,1962,1887,1,1835,1905,1
2572462,9.455,-2.737,2.236,-0.182,-0.087,0.056,3.295,-4.354,6.747,-1.002,-0.123,4.191,1036,-9889,-4167,1971,1897,1,1844,1906,1
2572572,9.594,-3.201,2.040,-0.295,-0.140,0.049,3.295,-4.354,6.747,0.094,-0.575,2.689,-3378,-17473,-7996,1955,1893,1,1840,1920,1
2572692,9.728,-3.321,1.626,-0.254,-0.154,0.107,3.295,-4.354,6.747,-0.756,-0.166,0.984,-2151,-16766,-7787,1966,1893,1,1840,1908,1
2572812,9.694,-3.357,1.559,-0.250,0.055,0.158,3.295,-4.393,6.747,0.019,0.088,-1.175,1141,-22015,-11329,1963,1895,1,1838,1915,1
2572922,9.752,-4.116,1.686,-0.144,0.082,0.199,3.295,-4.354,6.747,1.089,1.178,-3.353,8230,-11613,-5856,1968,1900,1,1839,1919,1
2573032,9.328,-4.099,1.336,-0.030,0.036,0.120,3.295,-4.354,6.747,0.544,2.867,-3.284,11138,-1990,-911,1968,1887,1,1847,1908,1
2573142,9.383,-3.950,1.073,-0.271,-0.178,-0.067,3.373,-4.354,6.786,2.325,0.777,-0.573,13185,-1056,4491,1963,1893,1,1829,1904,1
2573252,9.601,-4.547,1.575,-0.401,-0.027,0.040,3.295,-4.354,6.747,0.256,-0.441,-0.103,16876,-7336,2826,1965,1893,1,1852,1907,1
2573362,9.455,-4.228,1.008,-0.076,-0.038,-0.034,3.295,-4.354,6.747,0.140,-0.125,-0.450,15525,-6543,426,1966,1894,1,1831,1911,1
2573472,9.436,-3.773,1.061,-0.159,0.076,0.090,3.295,-4.315,6.747,0.013,0.071,-0.349,15430,-4220,1787,1904,1901,1,1863,1902,1
2573582,8.961,-3.366,1.180,-0.264,-0.008,0.351,3.295,-4.393,6.747,-0.599,-0.217,0.556,14175,-4161,958,1984,1899,1,1841,1917,1
2573692,7.649,-2.978,1.030,-0.104,0.030,1.455,3.334,-4.354,6.747,-1.297,-0.759,1.250,12539,-3302,946,1959,1899,1,1825,1902,1
2573802,7.973,-9.072,0.005,-0.749,-0.237,1.614,3.295,-4.354,6.747,-1.336,-1.277,2.036,11809,-11566,-4160,1983,1903,1,1843,1903,1
2573922,14.636,-12.682,2.033,0.412,0.264,-1.670,3.334,-4.354,6.786,-0.961,0.512,-1.701,24503,-22832,-5640,1984,1908,1,1843,1903,1
2574042,7.829,-4.178,1.693,-0.137,-0.289,-2.100,3.295,-4.393,6.747,0.428,0.892,-3.280,11558,-1548,-4124,1967,1895,1,1840,1906,1
2574162,4.808,-2.088,0.481,-0.687,0.475,-1.045,3.334,-4.354,6.747,-0.445,0.531,-0.332,6915,1542,-1305,1954,1895,1,1841,1910,1
2574272,3.620,-0.594,1.018,0.097,0.155,0.270,3.334,-4.393,6.747,-0.022,0.180,0.675,5187,-125,-1941,1963,1897,1,1879,1914,1
2574382,4.944,-1.384,1.142,-0.303,-0.379,1.109,3.295,-4.354,6.747,0.006,-0.069,2.014,9346,-1111,-1363,1967,1898,1,1838,1907,1
2574492,11.669,-8.085,-1.171,-1.016,-1.396,1.903,3.295,-4.354,6.747,-0.978,-0.804,3.189,14239,-8838,-2405,1961,1891,1,1840,1911,1
2574612,13.915,-8.717,-1.499,-0.577,-0.556,0.594,3.295,-4.354,6.747,-0.005,-0.513,0.949,18712,-20315,-3745,1966,1894,1,1841,1922,1
2574732,7.022,-6.936,-1.053,-0.031,0.118,-0.073,3.334,-4.354,6.747,0.113,0.042,-0.288,11997,-11969,-4255,1964,1891,1,1835,1904,1
2574852,7.281,-6.088,-1.532,-0.016,0.145,0.166,3.295,-4.354,6.747,0.245,0.288,-0.087,9584,-9553,-3590,1957,1891,1,1838,1904,1
2574962,7.836,-6.445,-1.152,-0.307,-0.089,0.095,3.295,-4.354,6.747,-0.090,-0.226,0.196,10897,-11495,-3281,1965,1910,1,1830,1905,1
2575082,7.762,-6.946,-1.381,-0.169,-0.015,0.099,3.295,-4.393,6.747,0.005,-0.113,0.049,11275,-11818,-3924,1966,1893,1,1833,1909,1
2575202,7.444,-6.541,-1.178,-0.256,0.054,0.075,3.295,-4.315,6.747,0.430,-0.040,-0.185,11085,-11519,-3252,1963,1909,1,1843,1903,1
2575322,7.487,-6.898,-1.401,-0.546,0.446,-0.214,3.334,-4.315,6.786,1.153,-0.590,-0.668,11700,-11166,-2780,1963,1900,1,1840,1905,1
2575442,7.903,-7.096,-2.105,-0.266,0.461,-0.087,3.256,-4.354,6.747,0.601,0.327,-0.388,12377,-11380,-1530,1953,1895,1,1836,1902,1
2575562,8.097,-6.395,-1.353,-0.298,0.552,-0.289,3.373,-4.315,6.825,0.447,-0.112,-0.221,12786,-10222,-562,1959,1888,1,1838,1904,1
2575682,7.958,-6.254,-0.800,-0.346,-0.261,-0.358,3.334,-4.354,6.747,-0.437,0.739,0.856,11587,-9263,1128,1967,1891,1,1840,1910,1
2575802,7.743,-6.845,-1.688,0.433,-0.214,0.503,3.334,-4.354,6.747,0.518,-0.654,0.991,9911,-14002,-1631,1954,1891,1,1839,1904,1
2575912,7.762,-7.386,0.019,1.417,-0.095,1.092,3.334,-4.433,6.747,0.914,-0.067,1.474,9441,-14931,1990,1964,1895,1,1840,1909,1
2576022,3.771,-6.177,3.548,2.119,-0.178,2.633,3.295,-4.354,6.747,-1.065,-1.775,0.548,13997,-13318,792,1968,1891,1,1823,1905,1
2576132,3.098,-10.025,3.558,3.114,-0.352,3.001,3.295,-4.354,6.747,3.107,-0.541,2.560,4681,-15859,1071,1968,1903,1,1839,1904,1
2576242,2.121,-10.379,4.216,0.970,-0.852,0.388,3.295,-4.354,6.786,0.697,-0.018,0.720,1735,-16967,2269,1954,1891,1,1840,1910,1
2576352,2.172,-7.609,6.445,0.447,-0.366,0.032,3.334,-4.354,6.747,0.506,-0.309,-0.109,3788,-13907,7125,1957,1875,1,1840,1905,1
2576462,1.836,-6.716,7.259,0.464,-0.124,0.343,3.295,-4.354,6.747,0.619,-0.279,0.033,2887,-11919,8500,1955,1888,1,1835,1911,1
2576572,2.172,-7.357,7.118,-0.144,0.151,0.183,3.295,-4.354,6.747,-0.497,1.648,0.267,2501,-13825,7796,1965,1893,1,1840,1895,1
2576682,1.980,-7.865,6.771,-0.262,0.138,0.174,3.334,-4.354,6.747,0.001,-0.135,0.336,2170,-15095,6431,1970,1901,1,1890,1907,1
2576792,1.492,-7.262,7.092,-0.367,0.293,-0.043,3.295,-4.354,6.747,-0.168,0.219,0.098,732,-14087,6890,1962,1904,1,1841,1841,1
2576902,0.797,-7.606,7.420,-0.233,0.244,0.034,3.295,-4.354,6.747,-0.085,0.245,0.197,-853,-14663,7123,1968,1898,1,1813,1906,1
2577012,1.022,-7.592,7.135,-0.268,0.067,-0.129,3.295,-4.354,6.747,-0.135,0.035,-0.126,278,-14843,6906,1968,1904,1,1840,1907,1
2577122,1.056,-7.570,7.128,-0.185,0.022,0.123,3.295,-4.354,6.747,-0.007,-0.082,0.126,143,-14342,7031,1977,1893,1,1840,1910,1
2577232,1.099,-8.610,7.144,-0.286,-0.011,-0.093,3.334,-4.354,6.747,-0.157,-0.025,-0.185,594,-16112,6305,1961,1888,1,1837,1903,1
2577352,1.183,-8.030,7.061,-0.230,-0.010,-0.317,3.373,-4.354,6.786,-0.004,0.055,-0.314,392,-15283,6452,1964,1889,1,1840,1917,1
2577462,1.810,-7.764,6.862,-0.196,-0.097,-0.316,3.295,-4.354,6.747,0.047,-0.040,-0.345,1738,-14737,6574,1954,1895,1,1837,1907,1
2577582,2.140,-7.714,6.486,-0.169,-0.130,-0.310,3.295,-4.354,6.786,0.082,-0.094,-0.312,2594,-14076,6249,1966,1897,1,1840,1911,1
2577702,2.569,-7.487,6.479,-0.158,-0.043,-0.257,3.334,-4.354,6.747,0.102,-0.090,-0.256,2877,-13836,6396,1964,1891,1,1845,1883,1
2577822,2.617,-7.271,6.653,-0.087,0.044,-0.064,3.334,-4.354,6.747,0.126,-0.029,-0.007,2908,-13703,6592,1963,1894,1,1840,1906,1
2577932,2.806,-7.290,6.785,-0.288,0.114,-0.053,3.256,-5.099,6.747,-0.102,-0.017,-0.094,3303,-13509,7028,1965,1899,1,1840,1915,1
2578052,2.263,-7.695,6.898,-0.197,0.198,0.096,3.413,-4.354,6.747,-0.007,0.170,0.167,2062,-14124,6961,1967,1883,1,1835,1904,1
2578162,2.303,-8.056,6.831,-0.200,0.066,0.015,3.687,-4.550,6.394,0.003,0.029,0.051,2487,-15028,6599,1963,1898,1,1843,1906,1
2578272,2.354,-7.623,6.618,-0.240,0.073,-0.062,4.276,-4.040,6.276,-0.060,0.030,-0.071,2736,-14047,6415,1969,1894,1,1840,1903,1
2578382,2.325,-7.570,6.838,-0.125,0.060,0.050,4.903,-2.628,6.825,0.054,-0.013,0.091,2724,-13864,7002,1959,1894,1,1839,1911,1
2578492,2.260,-7.678,6.685,-0.195,0.009,0.028,5.845,-3.609,7.924,-0.012,-0.069,0.015,2815,-14280,6651,1968,1887,1,1840,1893,1
2578602,2.195,-7.903,6.737,-0.208,0.068,0.024,5.374,-3.060,8.512,-0.058,0.004,0.029,2591,-14863,6313,1961,1901,1,1841,1907,1
2578712,2.126,-8.071,6.814,-0.217,0.063,-0.026,4.001,-1.804,8.748,-0.031,0.033,-0.007,2206,-14989,6585,1967,1899,1,1841,1919,1
2578822,2.241,-7.628,6.615,-0.174,0.006,-0.061,3.334,-1.883,8.120,0.034,-0.035,-0.054,2746,-14084,6502,1956,1891,1,1837,1895,1
2578932,2.284,-7.920,6.826,-0.139,0.026,0.030,3.373,-2.707,8.473,0.050,-0.042,0.014,2484,-14415,6690,1967,1897,1,1840,1905,1
2579042,2.456,-7.563,6.457,-0.126,0.052,-0.071,4.276,-2.981,8.748,0.074,-0.018,-0.045,3007,-13821,6357,1952,2094,1,1841,1906,1
2579152,2.265,-7.649,6.857,-0.086,0.110,0.002,4.393,-2.511,9.297,0.100,0.086,0.075,2315,-14487,6708,1961,1890,1,1843,1904,1
2579262,2.241,-7.676,6.879,-0.097,-0.029,-0.051,4.903,-2.707,9.728,0.115,-0.053,-0.046,2448,-14214,6792,1969,1890,1,1839,1887,1
2579382,2.375,-7.697,6.642,-0.144,0.041,-0.111,4.550,-3.099,9.532,0.036,0.013,-0.108,2385,-14405,6380,2000,1897,1,1839,1904,1
2579492,2.263,-7.755,6.991,0.602,-0.157,0.225,4.040,-3.256,9.061,0.647,-0.235,0.225,2146,-15575,6455,1968,1899,1,1842,1910,1
2579602,2.729,-6.309,8.320,1.925,-0.707,0.553,4.197,-2.903,8.826,2.212,-1.162,0.251,3498,-12365,9425,1963,1897,1,1839,1907,1
2579712,2.794,-4.247,9.768,1.068,-0.633,0.218,4.158,-2.903,8.904,1.475,-0.186,-0.137,4014,-8928,13306,1968,1895,1,1840,1911,1
2579822,2.854,-4.003,10.048,0.502,-0.541,0.158,4.119,-2.942,8.983,0.746,-0.227,-0.007,1547,-10424,13690,1961,1901,1,1842,1914,1
2579942,4.501,-4.128,10.417,0.316,-1.008,-0.610,5.570,-4.707,10.081,0.650,-1.268,-0.782,7514,-8272,14310,1957,1894,1,1859,1915,1
2580062,5.952,-2.236,9.634,0.025,-1.547,-0.534,5.531,-3.491,9.493,0.524,-1.095,-1.013,8627,-5231,14721,1965,1898,1,1841,1911,1
2580172,6.354,-0.936,6.524,0.079,-1.761,-0.052,3.334,-2.236,8.904,0.466,-1.409,-0.563,9822,-1890,9445,1967,1894,1,1841,1906,1
2580282,7.781,-1.448,3.934,0.170,-0.761,-0.046,2.589,-2.001,8.512,0.370,-0.792,-0.227,13394,-836,5281,1967,1902,1,1838,1905,1
2580392,8.471,-1.932,4.961,0.167,-0.066,0.025,2.942,-1.255,8.238,0.307,-0.108,-0.015,13680,-2230,7219,1962,1898,1,1840,1906,1
2580502,8.473,-1.288,6.096,-0.074,0.005,0.049,3.020,-2.314,8.473,0.094,-0.013,0.039,13354,-1534,9586,1964,1899,1,1831,1907,1
2580612,8.842,-1.393,5.784,-0.224,0.055,-0.017,4.236,-2.354,9.101,-0.040,0.026,-0.011,14438,-1579,8845,1967,1895,1,1842,1906,1
2580722,8.528,-1.451,5.897,-0.112,-0.003,-0.014,4.001,-0.902,10.081,0.074,-0.029,-0.027,13718,-1750,9030,1967,1892,1,1843,1905,1
2580842,8.732,-1.310,6.060,-0.090,-0.120,0.009,3.923,-1.138,10.317,0.180,-0.297,-0.012,13783,-1122,9433,1962,1891,1,1851,1903,1
2580962,8.985,-0.742,5.952,-0.035,0.145,0.108,3.883,-1.373,9.689,0.175,0.140,0.119,14892,-512,9131,1957,1897,1,1840,1909,1
2581072,8.550,-1.563,5.411,-0.266,0.225,0.073,3.727,-1.334,9.257,-0.006,0.188,0.144,14524,-336,8000,1965,1917,1,1839,1901,1
2581182,7.819,-2.303,6.187,-0.213,0.568,-0.068,3.883,-1.451,9.454,-0.057,0.515,0.139,12975,-2993,9242,1965,1887,1,1840,1890,1
2581292,7.812,-1.425,6.804,-0.544,0.747,-0.305,4.158,-1.451,9.493,-0.443,0.722,-0.093,12593,-2058,10421,1963,1899,1,1840,1907,1
2581412,7.393,-1.113,7.487,-0.678,0.860,-0.199,3.727,-1.412,9.414,-0.640,0.771,0.027,10894,-2415,11430,1966,1893,1,1840,1905,1
2581522,6.922,-1.537,8.033,-0.673,0.722,-0.131,3.687,-1.530,9.375,-0.640,0.571,0.007,10961,-3058,12317,1955,1899,1,1843,1906,1
2581632,6.304,-1.999,8.550,-0.485,0.802,-0.146,3.805,-1.216,9.454,-0.473,0.688,0.023,9785,-4899,12602,1963,1894,1,1840,1914,1
2581742,5.727,-1.724,9.311,-0.322,0.655,-0.006,3.687,-1.294,9.493,-0.276,0.580,0.169,7984,-4742,14261,1966,1890,1,1838,1908,1
2581852,5.387,-2.057,9.210,-0.298,0.285,0.064,3.923,-1.451,9.493,-0.180,0.191,0.125,7987,-5327,13664,1966,1899,1,1847,1917,1
2581962,5.303,-2.313,9.009,-0.203,0.203,0.070,3.883,-1.412,9.532,-0.074,0.107,0.122,8445,-5487,13289,1963,1917,1,1837,1909,1
2582072,4.889,-2.478,9.436,-0.214,0.207,0.076,4.001,-1.451,10.238,-0.036,0.136,0.137,7164,-5889,13889,1963,1889,1,1846,1905,1
2582182,4.717,-2.665,9.268,-0.251,0.148,0.027,4.393,-1.491,10.277,-0.085,0.091,0.057,7124,-6342,13336,1958,1891,1,1840,1911,1
2582292,4.736,-2.478,9.249,-0.170,0.126,-0.028,2.981,-1.373,8.983,0.003,0.061,0.024,7394,-5920,13552,1959,1894,1,1840,1910,1
2582402,4.592,-2.368,9.378,-0.192,0.117,-0.000,1.961,-1.177,8.551,-0.028,0.068,0.036,6926,-5904,13755,1955,1894,1,1838,1904,1
2582512,4.539,-2.385,9.471,-0.183,0.103,0.043,2.157,-1.373,8.355,-0.001,0.039,0.070,6653,-5881,13872,1967,1898,1,1849,1904,1
2582622,4.310,-2.492,9.538,-0.227,0.124,0.136,2.981,-1.059,8.551,-0.057,0.033,0.169,6477,-6141,14025,1963,1898,1,1838,1910,1
2582732,4.604,-3.074,9.148,-0.367,0.005,-0.041,3.177,-1.608,9.257,-0.185,-0.092,-0.052,7356,-7040,12970,1958,1897,1,1840,1913,1
2582852,4.427,-2.823,9.060,-0.149,0.106,0.005,2.942,-0.275,10.120,0.024,0.076,0.050,6728,-6362,13099,1955,1879,1,1839,1910,1
2582962,4.551,-3.122,9.505,-0.338,0.147,0.028,4.315,-0.981,10.395,-0.188,0.053,0.019,7036,-6872,13580,1959,1886,1,1828,1904,1
2583072,4.231,-3.093,9.347,-0.327,0.060,-0.092,3.883,-1.177,9.728,-0.141,-0.054,-0.120,6825,-6949,13423,1962,1902,1,1830,1911,1
2583192,4.374,-2.962,9.208,-0.255,0.190,-0.155,3.923,-1.334,9.414,-0.095,0.154,-0.122,6963,-6688,13091,1969,1892,1,1835,1907,1
2583302,4.245,-2.923,9.594,-0.277,0.208,-0.013,3.687,-0.863,9.414,-0.121,0.162,0.035,6647,-7294,13617,1967,1894,1,1842,1909,1
2583412,3.910,-3.132,9.594,-0.234,0.082,0.040,3.844,-1.177,9.571,-0.062,-0.003,0.064,6049,-7211,13513,1962,1897,1,1840,1913,1
2583522,4.029,-3.318,9.340,-0.252,0.054,-0.054,3.962,-1.059,9.964,-0.080,-0.007,-0.062,6331,-7637,12991,1968,1899,1,1840,1900,1
2583642,4.051,-3.201,9.450,-0.191,0.066,-0.018,3.844,-1.020,10.434,-0.009,0.012,0.004,6391,-7382,13345,1967,1895,1,1838,1909,1
2583752,4.015,-3.117,9.352,-0.180,0.049,-0.001,4.315,-1.255,10.905,0.016,0.002,0.013,6232,-7139,13283,1968,1891,1,1846,1907,1
2583862,4.041,-3.196,9.318,-0.195,0.038,-0.030,2.157,-1.098,9.022,-0.011,-0.019,-0.017,6534,-7297,13119,1968,1888,1,1843,1909,1
2583982,4.041,-3.170,9.438,-0.176,0.046,-0.022,2.981,-2.314,7.571,0.005,0.001,-0.005,6571,-7416,13256,1964,1892,1,1831,1909,1
2584092,4.005,-3.201,9.431,-0.218,0.057,-0.017,3.570,-1.765,8.002,-0.043,0.005,-0.005,6515,-7352,13246,1959,1899,1,1843,1905,1
2584202,4.025,-3.199,9.409,-0.202,0.045,-0.023,3.805,-1.883,8.944,-0.013,-0.013,-0.009,6489,-7378,13231,1959,1893,1,1867,1904,1
2584322,4.015,-3.177,9.373,-0.210,0.047,-0.015,3.530,-1.138,9.493,-0.023,-0.018,0.004,6448,-7447,13117,1954,1895,1,1839,1905,1
2584432,4.020,-3.201,9.414,-0.196,0.041,-0.010,3.491,-1.294,10.003,-0.004,-0.034,0.006,6575,-7215,13281,1969,1897,1,1798,1910,1
2584552,3.953,-3.254,9.371,-0.207,0.044,-0.017,4.197,-1.177,10.277,-0.020,-0.006,-0.006,6185,-7364,13223,1964,1897,1,1840,1905,1
2584672,4.001,-3.247,9.349,-0.185,0.052,-0.024,4.354,-0.863,9.924,-0.005,-0.002,-0.017,6443,-7525,13114,1957,1897,1,1840,1904,1
2584792,3.919,-3.266,9.373,-0.238,0.056,-0.021,4.276,-1.373,9.493,-0.052,0.004,-0.000,6198,-7530,13198,1942,1905,1,1842,1909,1
2584902,3.986,-3.357,9.357,-0.210,0.051,-0.024,4.119,-1.059,9.375,-0.031,0.003,-0.018,6426,-7554,13066,1958,1901,1,1841,1910,1
2585012,3.994,-3.194,9.273,-0.197,0.056,-0.014,3.962,-1.098,9.375,-0.017,0.008,-0.003,6337,-7228,13021,1959,1890,1,1839,1905,1
2585122,4.032,-3.299,9.232,-0.212,0.093,0.013,4.080,-1.020,9.414,-0.038,0.030,0.036,6469,-7449,12909,1974,1889,1,1835,1910,1
2585232,3.874,-3.378,9.220,-0.234,0.124,0.009,3.844,-0.941,9.336,-0.063,0.064,0.046,6153,-7506,12848,1966,2107,1,1842,1907,1
2585342,3.859,-3.373,9.263,-0.217,0.249,0.028,3.805,-1.020,9.375,-0.094,0.150,0.084,6435,-7773,12746,1963,2128,1,1840,1915,1
2585452,3.462,-3.591,9.917,-0.207,0.235,0.061,3.883,-1.138,9.375,-0.064,0.146,0.133,5262,-8393,13957,1954,1872,1,1840,1906,1
2585562,3.563,-3.888,9.644,-0.250,0.064,-0.041,3.805,-1.098,9.375,-0.084,0.006,-0.029,5794,-8875,13144,1967,1904,1,1837,1915,1
2585672,3.414,-3.706,9.448,-0.258,-0.003,-0.090,3.805,-1.177,9.375,-0.067,-0.049,-0.103,5550,-8409,13066,1965,1893,1,1843,1907,1
2585792,3.637,-3.479,9.428,-0.186,-0.016,-0.021,3.923,-1.177,9.375,-0.003,-0.075,-0.027,5981,-7828,13043,1957,1890,1,1840,1908,1
2585912,3.646,-3.725,9.419,-0.182,-0.083,-0.012,3.844,-1.138,9.375,0.026,-0.143,-0.048,5713,-8171,13040,1962,1904,1,1841,1906,1
2586032,3.843,-3.666,9.189,-0.212,-0.014,-0.138,3.962,-1.216,9.414,-0.018,-0.043,-0.152,6423,-8000,12624,1959,1894,1,1840,1879,1
2586152,3.912,-3.397,9.143,-0.207,0.049,-0.105,3.962,-1.216,9.493,-0.028,0.022,-0.088,6389,-7640,12685,1965,1898,1,1830,1910,1
2586262,3.982,-3.572,9.261,-0.194,0.061,-0.021,3.766,-1.334,9.179,-0.023,0.020,-0.006,6473,-8073,12738,1963,1888,1,1842,1910,1
2586372,3.871,-3.546,9.287,-0.177,0.064,-0.013,3.805,-1.491,8.630,0.007,0.021,0.000,6289,-7866,12843,1962,1900,1,1837,1910,1
2586482,3.893,-3.536,9.321,-0.180,0.068,0.003,3.883,-2.001,8.473,0.004,0.026,0.013,6311,-7834,12981,1963,1887,1,1835,1898,1
2586592,3.855,-3.546,9.342,-0.183,0.064,0.009,4.119,-0.863,9.650,-0.002,0.013,0.025,6364,-8004,12867,1949,1886,1,1841,1907,1
2586702,3.785,-3.630,9.299,-0.214,0.076,0.006,4.354,-0.863,10.670,-0.039,0.025,0.019,6148,-8245,12782,1968,1891,1,1838,1907,1
2586812,3.728,-3.747,9.388,-0.205,0.071,-0.009,4.315,0.314,10.827,-0.031,0.027,0.000,6128,-8392,12861,1961,1909,1,1834,1909,1
2586922,3.768,-3.749,9.230,-0.213,0.043,-0.031,4.590,-0.941,10.905,-0.024,-0.012,-0.016,6099,-8298,12669,1968,1892,1,1836,1911,1
2587042,3.795,-3.527,9.158,-0.204,0.081,-0.037,3.099,-1.883,9.571,-0.030,0.037,-0.018,6098,-7845,12643,1963,1901,1,1843,1915,1
2587152,3.764,-3.376,9.263,-0.197,0.154,0.068,3.099,-1.334,8.708,-0.025,0.077,0.111,6123,-7570,12888,1965,1898,1,1841,1911,1
2587262,3.440,-3.855,9.582,-0.262,0.171,0.041,3.217,-1.451,8.787,-0.096,0.087,0.095,5486,-8438,13140,1965,1888,1,1840,1910,1
2587372,3.440,-4.008,9.404,-0.267,0.095,-0.084,3.099,-1.844,9.297,-0.101,0.055,-0.072,5641,-8890,12722,1968,1904,1,1838,1905,1
2587482,3.314,-3.819,9.531,-0.188,0.067,-0.048,3.060,-2.236,9.454,-0.007,0.027,-0.027,5447,-8662,13034,1963,1890,1,1841,1902,1
2587592,3.479,-3.926,9.333,-0.203,-0.006,-0.063,3.020,-1.961,9.728,-0.022,-0.048,-0.064,5655,-8877,12391,1962,1890,1,1840,1915,1
2587712,3.515,-3.824,9.294,-0.165,0.001,-0.069,2.942,-1.804,9.689,0.041,-0.034,-0.062,5736,-8339,12688,1958,1894,1,1850,1909,1
2587822,3.596,-3.752,9.407,-0.180,0.043,-0.081,2.942,-1.765,9.611,0.004,0.018,-0.063,5916,-8406,12893,1968,1893,1,1841,1907,1
2587932,3.677,-3.680,9.318,-0.198,0.014,-0.078,2.981,-1.765,9.454,-0.006,-0.019,-0.078,6080,-8112,12764,1968,1894,1,1846,1910,1
2588052,3.745,-3.718,9.208,-0.182,0.019,-0.062,3.020,-1.804,9.061,0.011,-0.010,-0.057,6055,-8269,12641,1959,1892,1,1826,1909,1
2588162,3.622,-3.706,9.304,-0.179,0.041,-0.053,3.020,-1.883,8.748,-0.000,0.013,-0.040,5835,-8338,12776,1955,1895,1,1839,1876,1
2588272,3.730,-3.651,9.208,-0.192,0.054,-0.017,3.099,-1.412,9.257,-0.010,0.008,-0.004,6036,-8089,12689,1963,1898,1,1840,1909,1
2588382,3.886,-3.680,9.306,-0.162,0.067,0.005,3.491,-2.079,10.199,0.014,0.020,0.021,6329,-8173,12781,1968,1895,1,1841,1904,1
2588492,3.467,-3.812,9.373,-0.199,0.087,-0.002,4.393,-1.804,10.748,-0.029,0.040,0.021,5622,-8632,12784,1965,1904,1,1837,1913,1
2588602,3.642,-3.721,9.345,-0.196,0.086,0.008,4.315,-1.020,10.591,-0.020,0.030,0.024,5948,-8363,12746,1965,1894,1,1835,1908,1
2588712,3.560,-3.816,9.337,-0.195,0.029,0.020,3.883,-0.863,10.630,0.002,-0.025,0.028,5821,-8404,12913,1954,1889,1,1840,1906,1
2588822,3.670,-3.800,9.256,-0.167,0.077,0.005,3.609,-1.216,9.571,0.016,0.027,0.032,6064,-8270,12640,1958,1885,1,1845,1919,1
2588932,3.551,-3.747,9.280,-0.211,0.060,0.008,3.491,-1.451,8.983,-0.028,0.009,0.020,5749,-8238,12752,1966,1894,1,1842,1913,1
2589042,3.651,-3.833,9.208,-0.184,0.079,-0.005,2.942,-1.451,8.983,-0.012,0.031,0.014,6048,-8476,12529,1963,1901,1,1839,1911,1
2589152,3.472,-3.876,9.258,-0.229,0.138,0.005,2.824,-1.726,9.179,-0.067,0.073,0.042,5821,-8568,12492,1943,1898,1,1841,1913,1
2589262,3.402,-3.761,9.459,-0.203,0.147,0.043,2.785,-1.687,9.257,-0.039,0.074,0.082,5469,-8523,12865,1961,1891,1,1840,1916,1
2589372,3.218,-4.039,9.577,-0.203,0.062,0.000,2.942,-1.687,9.375,-0.022,0.006,0.020,5187,-9044,13011,1961,1894,1,1855,1915,1
2589482,3.359,-4.140,9.313,-0.234,0.044,-0.042,2.942,-1.687,9.493,-0.047,-0.013,-0.037,5661,-8968,12497,1963,1902,1,1823,1903,1
2589602,3.227,-3.761,9.457,-0.155,0.026,-0.017,3.099,-1.726,9.650,0.027,-0.006,-0.012,5110,-8629,12906,1964,1894,1,1843,1895,1
2589712,3.280,-4.082,9.433,-0.196,0.028,0.016,3.020,-1.569,9.611,0.001,-0.042,0.018,5563,-8953,12749,1963,1890,1,1839,1909,1
2589822,3.517,-4.331,9.443,-0.282,0.066,-0.147,3.099,-1.530,9.611,-0.105,0.051,-0.149,6100,-9416,12578,1968,1875,1,1843,1909,1
2589932,3.728,-4.314,9.515,-0.445,0.140,-0.287,3.060,-1.491,9.571,-0.270,0.108,-0.281,6664,-9004,12787,1963,1888,1,1840,1907,1
2590042,4.240,-4.717,9.852,-0.833,0.370,-0.486,3.060,-1.648,9.454,-0.683,0.295,-0.432,7374,-9646,13172,1966,1915,1,1837,1914,1
2590152,4.460,-4.985,10.017,-0.910,0.305,-0.632,3.099,-1.491,8.826,-0.693,0.234,-0.560,8445,-9029,13375,1960,1900,1,1839,1911,1
2590272,3.843,-5.334,9.038,-0.704,0.396,-0.678,3.177,-1.373,8.473,-0.564,0.397,-0.569,7186,-10412,11262,1962,1893,1,1835,1908,1
2590392,4.401,-6.048,8.473,-0.929,0.525,-0.779,3.217,-1.491,9.257,-0.891,0.524,-0.681,8148,-11183,10391,1965,1889,1,1834,1871,1
2590512,3.642,-6.225,8.341,-0.613,0.356,-0.638,3.687,-1.961,10.199,-0.460,0.396,-0.472,6437,-12117,10137,1964,1894,1,1841,1906,1
2590632,3.541,-5.435,6.155,-1.249,0.485,-0.835,4.236,-1.687,10.866,-1.122,0.459,-0.766,6541,-9315,7223,1961,1894,1,1845,1909,1
2590742,3.563,-5.768,4.987,-1.327,0.896,-0.798,4.550,-1.294,10.748,-1.250,0.830,-0.623,6897,-9432,4664,1959,1902,1,1836,1904,1
2590852,3.177,-5.710,4.413,-1.292,0.674,-0.503,4.001,-0.941,10.003,-1.198,0.540,-0.361,6123,-9210,3997,1958,1965,1,1841,1906,1
2590962,3.452,-6.687,3.900,-2.076,0.489,-0.306,3.295,-1.412,9.571,-1.983,0.194,-0.281,6744,-10602,2411,1967,2127,1,1845,1895,1
2591072,3.893,-7.848,2.545,-2.759,0.452,-0.465,2.824,-1.530,9.218,-2.595,0.085,-0.363,7852,-10969,-227,1951,2129,1,1840,1907,1
2591182,2.119,-8.784,0.500,-3.092,-0.462,0.318,2.864,-1.569,9.218,-2.750,-0.856,0.193,1679,-11823,-2016,1958,2141,1,1840,1906,1
2591302,1.156,-9.134,-4.932,-3.400,-2.108,0.286,2.746,-1.412,9.375,-2.791,-2.120,-0.185,3676,-9145,-14919,1972,1901,1,1839,1905,1
2591422,2.150,-8.090,-8.942,-1.902,-1.073,0.419,2.864,-1.804,9.414,-1.740,-1.610,-0.053,5867,-6660,-20715,1967,1875,1,1845,1910,1
2591542,0.838,-6.931,-10.314,-1.057,-0.207,0.069,3.020,-1.804,9.571,-0.919,-1.915,-0.072,605,-4283,-22414,1973,1893,1,1842,1915,1
2591662,0.934,-4.422,-8.564,-1.484,-0.564,-0.161,2.864,-1.451,9.532,-0.541,-0.620,0.547,-66,-2024,-15677,1972,1897,1,1837,1904,1
2591782,0.745,-3.606,-8.753,-0.204,-0.249,0.347,2.393,-0.863,9.061,1.500,-0.033,0.729,-1247,-3778,-15318,1962,1887,1,1840,1913,1
2591902,-0.017,-4.199,-8.703,-0.062,0.003,0.193,2.824,-0.353,8.669,2.632,0.230,0.209,-4620,-8796,-16218,1964,1892,1,1839,1911,1
2592022,-0.141,-7.238,-8.444,1.006,0.187,1.144,2.550,-2.314,7.963,1.643,0.041,1.162,-4557,-12663,-11835,1966,1895,1,1840,1907,1
2592142,-1.219,-5.423,-7.982,-2.364,0.701,0.625,3.530,-4.276,7.610,-0.223,-0.061,0.074,-5353,-11688,-10479,1949,1896,1,1839,1908,1
2592262,-1.154,-4.142,-10.274,-0.665,0.588,1.052,3.805,-5.217,7.100,0.076,0.323,-0.011,-5238,-11502,-10317,1965,1897,1,1839,1908,1
2592382,0.826,-3.460,-8.253,-0.623,0.315,0.292,4.158,-4.590,7.022,0.759,-0.623,-0.076,-6512,-12152,-11208,1968,1890,1,1840,1905,1
2592502,1.856,-4.769,-10.755,-2.561,-1.109,0.372,4.550,-4.276,6.433,0.069,0.300,-0.178,-4623,-11101,-9554,1965,1902,1,1840,1919,1
2592622,-1.484,-0.129,-8.950,0.338,0.719,0.171,3.805,-4.550,6.551,-0.009,0.161,-0.020,-5700,-10472,-8980,1968,1899,1,1835,1907,1
2592742,-1.654,-0.199,-9.388,-0.221,0.011,-0.009,3.373,-4.393,6.198,0.008,-0.016,-0.000,-5083,-11476,-10195,1942,1888,1,1846,1906,1
2592862,-1.640,-0.302,-9.328,-0.177,0.049,-0.014,3.452,-4.354,6.198,0.004,0.000,-0.003,-5054,-11344,-9983,1961,1889,1,1844,1915,1
2592982,-1.645,-0.294,-9.306,-0.185,0.046,-0.012,2.864,-4.158,6.394,0.003,-0.002,-0.004,-5048,-11290,-9969,1966,1900,1,1853,1902,1
2593102,-1.611,-0.318,-9.318,-0.183,0.046,-0.012,2.785,-4.315,6.394,0.002,-0.001,-0.003,-4990,-11338,-10001,1966,1894,1,1841,1905,1
2593222,-1.621,-0.285,-9.328,-0.182,0.046,-0.012,2.785,-4.315,6.355,0.004,0.001,-0.002,-5051,-11344,-9894,1961,1891,1,1841,1905,1
2593342,-1.621,-0.275,-9.290,-0.184,0.046,-0.012,3.099,-4.158,6.394,0.003,-0.002,-0.001,-5048,-11291,-9970,1988,1902,1,1847,1918,1
2593462,-1.633,-0.294,-9.285,-0.183,0.047,-0.012,2.903,-4.315,6.394,0.003,-0.001,-0.004,-4956,-11321,-9870,1968,1910,1,1841,1911,1
2593582,-1.621,-0.309,-9.340,-0.178,0.048,-0.013,2.864,-4.511,6.394,0.004,-0.002,-0.003,-5097,-11366,-10044,1968,1899,1,1840,1910,1
2593702,-1.628,-0.268,-9.330,-0.182,0.047,-0.013,2.942,-4.472,6.394,0.006,0.000,-0.003,-5051,-11519,-9891,1967,1876,1,1842,1904,1
2593822,-1.609,-0.280,-9.309,-0.183,0.048,-0.013,2.903,-4.236,6.394,0.004,-0.000,-0.003,-5012,-11338,-9962,1960,1898,1,1869,1906,1
2593942,-1.611,-0.271,-9.297,-0.182,0.048,-0.013,2.903,-4.276,6.433,0.005,0.002,-0.002,-4986,-11328,-9997,1955,1901,1,1840,1910,1
2594062,-1.602,-0.294,-9.325,-0.184,0.046,-0.013,2.903,-4.276,6.394,0.001,-0.001,-0.002,-4998,-11340,-9941,1954,1891,1,1840,1903,1
2594182,-1.630,-0.280,-9.299,-0.182,0.046,-0.012,2.864,-4.315,6.433,0.004,-0.001,-0.003,-5029,-11341,-9976,1959,1895,1,1840,1914,1
2594302,-1.597,-0.256,-9.337,-0.181,0.047,-0.012,2.903,-4.315,6.394,0.002,0.001,-0.003,-5014,-11311,-9990,1971,1893,1,1841,1904,1
2594422,-1.640,-0.271,-9.323,-0.182,0.046,-0.012,2.903,-4.315,6.394,0.002,-0.002,0.000,-4995,-11291,-9981,1964,1902,1,1840,1908,1
2594542,-1.571,-0.292,-9.301,-0.183,0.048,-0.013,2.903,-4.315,6.433,0.001,0.002,-0.004,-4955,-11329,-9976,1959,1897,1,1838,1919,1
2594662,-1.650,-0.271,-9.282,-0.182,0.046,-0.013,2.903,-4.315,6.394,0.004,-0.001,-0.002,-5068,-11322,-9949,1965,1901,1,1838,1904,1
2594782,-1.592,-0.268,-9.323,-0.182,0.044,-0.012,2.903,-4.315,6.394,0.004,0.001,-0.004,-4969,-11280,-10001,1966,1886,1,1838,1907,1
2594902,-1.642,-0.280,-9.321,-0.182,0.046,-0.013,2.864,-4.315,6.394,0.004,0.002,-0.002,-5010,-11319,-9961,1955,1888,1,1802,1908,1
2595022,-1.630,-0.294,-9.325,-0.181,0.045,-0.014,2.903,-4.315,6.394,0.005,-0.001,-0.002,-5018,-11321,-9959,1962,1899,1,1841,1906,1
2595142,-1.587,-0.273,-9.318,-0.182,0.048,-0.013,2.864,-4.315,6.394,0.004,0.001,-0.003,-4963,-11330,-9971,1975,1891,1,1841,1915,1
2595262,-1.638,-0.273,-9.270,-0.182,0.048,-0.013,2.864,-4.315,6.394,0.002,0.001,-0.003,-5065,-11295,-9995,1966,1899,1,1839,1909,1
2595382,-1.602,-0.280,-9.297,-0.183,0.047,-0.013,2.903,-4.315,6.394,0.002,0.000,-0.002,-5022,-11326,-9974,1959,1888,1,1843,1903,1
2595502,-1.628,-0.275,-9.301,-0.183,0.048,-0.012,2.903,-4.315,6.394,0.006,0.001,-0.002,-5070,-11321,-9953,1988,1890,1,1841,1904,1
2595622,-1.659,-0.278,-9.306,-0.183,0.047,-0.013,2.903,-4.315,6.394,0.004,-0.001,-0.003,-5072,-11293,-9947,1965,1892,1,1846,1908,1
2595742,-1.640,-0.283,-9.330,-0.183,0.045,-0.012,2.903,-4.315,6.394,0.002,-0.002,-0.003,-5077,-11277,-9963,1959,1899,1,1839,1917,1
2595862,-1.604,-0.271,-9.299,-0.182,0.046,-0.011,2.903,-4.315,6.394,0.006,-0.000,-0.002,-5023,-11361,-10096,1968,1888,1,1840,1905,1
2595982,-1.626,-0.247,-9.299,-0.184,0.045,-0.014,2.903,-4.315,6.394,-0.001,-0.001,0.000,-5028,-11313,-9980,1962,1884,1,1839,1907,1
2596102,-1.628,-0.285,-9.321,-0.181,0.046,-0.012,2.903,-4.315,6.394,0.005,-0.001,-0.002,-5019,-11346,-9916,1959,1885,1,1870,1908,1
2596222,-1.599,-0.278,-9.299,-0.182,0.046,-0.013,2.903,-4.315,6.394,0.004,-0.001,-0.003,-4992,-11313,-9971,1965,1890,1,1838,1904,1
